Feature	Importances
ACGTG	0.15784136795471165
ACACGT	0.061587537953043094
ACACG	0.018060955092524218
TAATA	0.022678714270823398
ACGTGG	0.021572325365956668
AAATA	0.035604292593448744
CACGTG	0.0003976435244864935
AATAA	0.004827901714795258
ATAAT	0.008608451523905025
ACGTA	0.02677067416238854
ATATA	0.021181885693268246
TATAA	0.01930683061656241
AATAAT	0.018968825121144308
AATAT	0.01612020240123837
GAATC	0.01388857796780209
ATAAA	0.007324797874783683
AATCG	0.021504495935362567
AACCCTA	0.0037638929860273063
ATAATA	0.002764705771971361
AAATAT	0.0026067248011090857
TAAATA	0.008459491079721795
AAAATA	0.0050880598237401315
ACACGTG	0.007590134123378629
CGTGTC	0.0064490225007274495
CCACG	0.02027264128573853
AAACCCTA	0.05269431353525691
CTATA	0.020261617463375955
ATTAA	0.0019024898710639816
ACCCTA	0.002739024407663608
ACGTGTC	0.013844685719757985
TCAGA	0.008048654534764854
GAAGC	0.0026146335607424567
TAATAA	0.004996809933570151
TATATA	0.0013011118217554837
ATTTA	0.0031411206368723377
ATATAA	0.007977785663270712
AATTAT	0.0021760753178582874
CACGTA	0.0
AACCCT	0.0
AATTA	0.003714906694120848
AAACCC	0.0034700707210918134
ATATAG	0.003045773325632425
AAATAA	0.002444146177739812
CTCAG	0.0046279186567579345
AAACCCT	0.0051246320578136675
TATAAA	0.006779406364869592
ATCGA	0.025451400375522237
AACCC	0.001229243930106062
ATAAAT	0.0032589838641614746
ATTATA	0.002635848390693139
AATAAA	0.001959301790948165
TAAAA	0.0035133561060941435
GAAGA	0.00818603587599145
TAATTA	0.006371703131316832
ATATAT	0.0013301567131360592
CTGAA	0.006711657577560289
CACGTGG	0.0
CCAGA	0.0013981846118834701
TATTAA	0.002851571555359475
ATCGG	0.022341871261511673
AATAATA	0.0009416044233846833
AATATA	0.0007888020151735853
ATCTG	0.003829621010660044
CGAAG	0.015175397093877278
AATAATT	0.0026385518389504333
ATACA	0.008928087816972723
ATATTA	0.001740973125785504
AAAATAT	0.0
CCCAG	0.008303549134458297
GCCCA	0.05019344185576474
TTAAA	0.004590161635984355
GTATA	0.0046158021758350735
ATAAAA	0.0022888225165386116
CGAGA	0.012344205464366636
GAGAA	0.014055847723301247
ACCCT	0.0005364819199270387
AAAAT	0.014225125225619195
AGCTC	0.006481191572841409
AATCGA	0.0022498501528464836
AAAAATA	0.0020164713793471736
AGCAG	0.0018760846280270588
ACGTGGC	0.009401256990976145
AAAAAT	0.0014707566673308437
CAGAA	0.004271508784774558
TAAAAA	0.003650868115780319
ATATG	0.003331770471998764
ATGTG	0.007906192508674689
CCCTA	0.004774626929983309
CGTGGC	0.00464395883738454
AAACC	0.003055665672175927
AATAAAT	0.0013799922084393455
AAATAAT	0.0024230374049788853
AAAATAA	0.0020555695116291598
ACATA	0.003488365684536323
ACGTAT	0.004673974576872476
CCTGA	0.006054671502818301
AATTAA	0.0017590746328821699
GCAGA	0.0015630524835568947
ATTAAA	0.0038502061529165454
ACTAT	0.0010407343657068617
