FeatureName	Scale	Min
ACGTG	0.07142857142857142	0.0
ACACGT	0.14285714285714285	0.0
AAATATC	0.16666666666666666	0.0
ACACG	0.1111111111111111	0.0
ACGCG	0.1	0.0
TCTAGAA	0.125	0.0
AAATAT	0.041666666666666664	0.0
TCTAGA	0.125	0.0
GTCAA	0.07692307692307693	0.0
CTAGAA	0.1111111111111111	0.0
AATATC	0.125	0.0
ACGTGG	0.16666666666666666	0.0
CCACG	0.1	0.0
AAAATA	0.03125	0.0
CACGTG	0.16666666666666666	0.0
AACGT	0.0625	0.0
ACGTA	0.05263157894736842	0.0
ATATA	0.011904761904761904	0.0
ATAATAT	0.1111111111111111	0.0
CTATA	0.0625	0.0
GAAAA	0.034482758620689655	0.0
AGAGA	0.014705882352941176	0.0
ATATC	0.043478260869565216	0.0
AAAATATC	0.2	0.0
GTCAAA	0.125	0.0
AAAAAT	0.029411764705882353	0.0
CGTGTC	0.16666666666666666	0.0
AACCCTA	0.043478260869565216	0.0
AGCAA	0.058823529411764705	0.0
TAAATA	0.05555555555555555	0.0
AAAAATA	0.05	0.0
AGCTC	0.03571428571428571	0.0
ACTCT	0.07142857142857142	0.0
AGCAG	0.05555555555555555	0.0
ATAATA	0.05555555555555555	0.0
AATAA	0.030303030303030304	0.0
TAATA	0.034482758620689655	0.0
AGTCA	0.08333333333333333	0.0
ATAAT	0.03333333333333333	0.0
AATATCT	0.14285714285714285	0.0
TATAGA	0.1111111111111111	0.0
AAGCA	0.0625	0.0
ACGCGT	0.25	0.0
CGTGGA	0.25	0.0
TATAA	0.03225806451612903	0.0
CGTTA	0.06666666666666667	0.0
AGTGA	0.07142857142857142	0.0
ATATTA	0.06666666666666667	0.0
AGCAAG	0.14285714285714285	0.0
CAAGC	0.07692307692307693	0.0
CCCTA	0.024390243902439025	0.0
GCTCA	0.06666666666666667	0.0
AATAAT	0.058823529411764705	0.0
ATCAG	0.07692307692307693	0.0
AAGCTC	0.09090909090909091	0.0
AATATA	0.0625	0.0
GCAGA	0.07692307692307693	0.0
GAATAA	0.125	0.0
AAATATCT	0.2	0.0
TAGAA	0.047619047619047616	0.0
GAAAAA	0.05	0.0
AGAGTG	0.14285714285714285	0.0
TAAAA	0.01639344262295082	0.0
CTGAA	0.07142857142857142	0.0
CTAGA	0.0625	0.0
ACGTGTC	0.25	0.0
AGATAT	0.09090909090909091	0.0
TAGCA	0.1	0.0
ACTAT	0.07692307692307693	0.0
CTAGAAA	0.2	0.0
GAATA	0.07142857142857142	0.0
CTTGC	0.0625	0.0
AAAGTC	0.14285714285714285	0.0
AAGCT	0.05	0.0
ATAAAA	0.058823529411764705	0.0
TAGATA	0.05	0.0
GCTTA	0.07692307692307693	0.0
AGAGCT	0.14285714285714285	0.0
CAATC	0.06666666666666667	0.0
GGTCAA	0.16666666666666666	0.0
CACGTGG	0.2	0.0
AAGAG	0.047619047619047616	0.0
CTGAAG	0.14285714285714285	0.0
AACCCT	0.038461538461538464	0.0
GAATC	0.06666666666666667	0.0
CAATG	0.06666666666666667	0.0
AGCTGA	0.0625	0.0
AATAATA	0.09090909090909091	0.0
ATAAA	0.029411764705882353	0.0
ACAAAA	0.0625	0.0
AAAATAA	0.05555555555555555	0.0
AAGCTG	0.14285714285714285	0.0
TCTCA	0.058823529411764705	0.0
CACGTA	0.2	0.0
CGAAAA	0.125	0.0
ATATAG	0.09090909090909091	0.0
ATTATA	0.06666666666666667	0.0
AAAAC	0.030303030303030304	0.0
GGAGGA	0.058823529411764705	0.0
AAGAAA	0.058823529411764705	0.0
