1	Chr1	11648	13714	AT1G01030	1905	-	13214
5	Chr1	64165	67774	AT1G01140	1838	-	67274
10	Chr1	99865	101987	AT1G01240	1497	+	98865
16	Chr1	171524	172948	AT1G01470	1348	-	172448
17	Chr1	175705	178406	AT1G01480	2002	+	174705
25	Chr1	230907	232630	AT1G01640	1126	-	232130
29	Chr1	266332	267883	AT1G01715	884	+	265332
30	Chr1	267992	269819	AT1G01720	1653	+	266992
36	Chr1	298450	300757	AT1G01830	2220	-	300257
39	Chr1	322885	324917	AT1G01940	877	+	321885
47	Chr1	387276	389808	AT1G02090	1225	-	389308
54	Chr1	450460	452743	AT1G02290	1767	-	452243
58	Chr1	465615	467880	AT1G02340	1391	-	467380
62	Chr1	480649	483373	AT1G02390	2074	+	479649
63	Chr1	486799	489651	AT1G02400	1414	+	485799
69	Chr1	504462	507268	AT1G02460	2079	-	506768
73	Chr1	571825	575085	AT1G02660	2842	-	574585
75	Chr1	588002	589480	AT1G02700	1356	+	587002
80	Chr1	645083	652001	AT1G02890	4233	-	651501
82	Chr1	658577	659980	AT1G02920	1213	-	659480
83	Chr1	661087	662475	AT1G02930	1186	-	661975
90	Chr1	729829	731565	AT1G03070	1132	+	728829
95	Chr1	773357	775362	AT1G03180	1166	+	772357
120	Chr1	979306	982002	AT1G03860	1398	-	981502
126	Chr1	1018099	1019247	AT1G03970	1148	+	1017099
136	Chr1	1073273	1075568	AT1G04130	1468	+	1072273
139	Chr1	1104492	1106241	AT1G04180	1649	+	1103492
148	Chr1	1154763	1157813	AT1G04310	2572	-	1157313
158	Chr1	1246600	1248876	AT1G04570	2163	-	1248376
172	Chr1	1413643	1416218	AT1G04980	1667	-	1415718
178	Chr1	1469540	1470881	AT1G05100	1341	+	1468540
182	Chr1	1491110	1494248	AT1G05170	2221	-	1493748
188	Chr1	1558777	1559917	AT1G05340	791	-	1559417
198	Chr1	1647574	1659611	AT1G05570	6536	-	1659111
199	Chr1	1661549	1662259	AT1G05575	710	-	1661759
206	Chr1	1701115	1702749	AT1G05675	1493	-	1702249
208	Chr1	1709672	1713443	AT1G05700	2880	+	1708672
220	Chr1	1826802	1828279	AT1G06030	1216	+	1825802
248	Chr1	2025543	2027413	AT1G06620	1491	+	2024543
270	Chr1	2189876	2190784	AT1G07135	908	-	2190284
278	Chr1	2251130	2253878	AT1G07330	2351	+	2250130
279	Chr1	2257393	2260187	AT1G07350	1573	-	2259687
283	Chr1	2274925	2275783	AT1G07400	858	+	2273925
284	Chr1	2276029	2277524	AT1G07410	1148	+	2275029
285	Chr1	2280745	2282828	AT1G07430	1906	-	2282328
290	Chr1	2304765	2305031	AT1G07500	266	-	2304531
291	Chr1	2304434	2312399	AT1G07510	6715	+	2303434
292	Chr1	2309563	2311805	AT1G07520	2242	-	2311305
300	Chr1	2370019	2374607	AT1G07670	3632	-	2374107
314	Chr1	2429636	2432091	AT1G07870	1816	-	2431591
316	Chr1	2437280	2439665	AT1G07890	1270	+	2436280
320	Chr1	2475225	2476167	AT1G07985	942	+	2474225
334	Chr1	2609995	2613377	AT1G08290	1895	-	2612877
335	Chr1	2614773	2618823	AT1G08300	2241	+	2613773
342	Chr1	2672197	2674721	AT1G08460	1715	+	2671197
348	Chr1	2712693	2714833	AT1G08570	1714	+	2711693
357	Chr1	2873299	2877261	AT1G08930	2077	+	2872299
364	Chr1	2927501	2929107	AT1G09070	1606	+	2926501
365	Chr1	2929216	2931841	AT1G09080	2116	-	2931341
366	Chr1	2942537	2945976	AT1G09140	1314	-	2945476
370	Chr1	2972637	2977002	AT1G09210	2201	-	2976502
400	Chr1	3230449	3233259	AT1G09932	1281	-	3232759
401	Chr1	3236907	3239554	AT1G09940	2201	-	3239054
402	Chr1	3240530	3241863	AT1G09950	1333	-	3241363
404	Chr1	3252097	3255782	AT1G09970	3595	+	3251097
408	Chr1	3275890	3278779	AT1G10040	1771	-	3278279
409	Chr1	3279269	3283482	AT1G10050	3230	+	3278269
410	Chr1	3288086	3290471	AT1G10070	1642	+	3287086
411	Chr1	3290310	3296198	AT1G10090	2910	-	3295698
415	Chr1	3333594	3338188	AT1G10170	4208	-	3337688
417	Chr1	3355674	3356151	AT1G10230	477	+	3354674
429	Chr1	3469511	3471488	AT1G10522	1104	+	3468511
430	Chr1	3471455	3472674	AT1G10530	998	-	3472174
431	Chr1	3484398	3486965	AT1G10560	2567	+	3483398
451	Chr1	3664186	3665040	AT1G10960	854	+	3663186
452	Chr1	3665200	3666526	AT1G10970	1125	-	3666026
453	Chr1	3667223	3669935	AT1G10980	1972	-	3669435
455	Chr1	3681887	3684169	AT1G11050	2282	+	3680887
458	Chr1	3703690	3709360	AT1G11100	3982	-	3708860
466	Chr1	3755667	3756998	AT1G11210	1222	-	3756498
469	Chr1	3785506	3787099	AT1G11270	1470	-	3786599
483	Chr1	3920477	3924555	AT1G11660	2682	+	3919477
495	Chr1	4039565	4044021	AT1G11960	2946	-	4043521
498	Chr1	4076225	4077230	AT1G12060	1005	+	4075225
547	Chr1	4501580	4503676	AT1G13195	1309	-	4503176
548	Chr1	4542167	4543970	AT1G13260	1803	+	4541167
549	Chr1	4567934	4570598	AT1G13330	1020	+	4566934
550	Chr1	4569447	4571229	AT1G13340	1590	-	4570729
552	Chr1	4576888	4578369	AT1G13360	1481	-	4577869
556	Chr1	4631632	4633299	AT1G13520	1464	-	4632799
558	Chr1	4650605	4651549	AT1G13600	944	-	4651049
560	Chr1	4677003	4679862	AT1G13640	2562	-	4679362
561	Chr1	4693281	4694410	AT1G13690	863	+	4692281
575	Chr1	4794663	4796599	AT1G13990	1103	+	4793663
577	Chr1	4800168	4801850	AT1G14010	915	-	4801350
585	Chr1	4854223	4855287	AT1G14200	1064	-	4854787
586	Chr1	4855532	4856762	AT1G14205	547	+	4854532
587	Chr1	4856777	4857975	AT1G14210	902	-	4857475
594	Chr1	4911092	4913167	AT1G14360	1403	-	4912667
595	Chr1	4915490	4918138	AT1G14370	1828	+	4914490
598	Chr1	4956230	4958038	AT1G14480	1649	+	4955230
621	Chr1	5128343	5129731	AT1G14870	979	-	5129231
624	Chr1	5139711	5143735	AT1G14910	2459	-	5143235
625	Chr1	5165488	5166939	AT1G14980	1023	-	5166439
627	Chr1	5171180	5171956	AT1G15010	776	+	5170180
642	Chr1	5298323	5300927	AT1G15410	2306	+	5297323
644	Chr1	5304097	5306087	AT1G15430	1430	+	5303097
652	Chr1	5389951	5391672	AT1G15670	1721	+	5388951
659	Chr1	5441071	5443911	AT1G15800	1304	-	5443411
666	Chr1	5486272	5489132	AT1G15970	1968	-	5488632
671	Chr1	5501965	5504535	AT1G16030	2570	-	5504035
672	Chr1	5504607	5507059	AT1G16040	1423	+	5503607
676	Chr1	5525292	5528212	AT1G16130	2753	+	5524292
685	Chr1	5612149	5614020	AT1G16420	1491	-	5613520
697	Chr1	5686524	5687727	AT1G16640	837	+	5685524
710	Chr1	5762693	5764184	AT1G16840	971	-	5763684
737	Chr1	5955154	5957511	AT1G17380	1765	-	5957011
738	Chr1	5977322	5981521	AT1G17420	3086	+	5976322
741	Chr1	5998764	6002732	AT1G17460	2239	+	5997764
761	Chr1	6149300	6150038	AT1G17860	738	+	6148300
762	Chr1	6149938	6152222	AT1G17870	1856	-	6151722
766	Chr1	6169284	6173273	AT1G17940	1841	-	6172773
775	Chr1	6267697	6268939	AT1G18210	1242	-	6268439
776	Chr1	6278787	6282144	AT1G18260	2432	-	6281644
779	Chr1	6299668	6301139	AT1G18300	1136	+	6298668
781	Chr1	6305826	6308243	AT1G18330	1898	-	6307743
783	Chr1	6331397	6333856	AT1G18400	1129	+	6330397
796	Chr1	6463921	6465476	AT1G18740	1555	+	6462921
803	Chr1	6568001	6568705	AT1G19020	704	+	6567001
813	Chr1	6621776	6623620	AT1G19180	1558	+	6620776
816	Chr1	6644188	6649375	AT1G19230	3007	+	6643188
818	Chr1	6671094	6672777	AT1G19300	1683	-	6672277
822	Chr1	6697873	6698858	AT1G19380	895	+	6696873
828	Chr1	6763764	6765049	AT1G19530	928	+	6762764
830	Chr1	6781482	6782216	AT1G19610	620	-	6781716
843	Chr1	6933014	6935053	AT1G19980	1586	+	6932014
845	Chr1	6945694	6947344	AT1G20030	1382	+	6944694
847	Chr1	6956373	6958075	AT1G20065	802	+	6955373
848	Chr1	6958009	6959123	AT1G20070	1114	-	6958623
857	Chr1	7032069	7033329	AT1G20310	1260	+	7031069
859	Chr1	7043627	7044592	AT1G20350	965	+	7042627
864	Chr1	7084408	7086873	AT1G20440	2320	-	7086373
865	Chr1	7087902	7089606	AT1G20450	1614	-	7089106
869	Chr1	7103374	7106121	AT1G20510	2176	-	7105621
874	Chr1	7142971	7146540	AT1G20620	1996	+	7141971
875	Chr1	7146635	7150180	AT1G20630	2226	+	7145635
876	Chr1	7154424	7158284	AT1G20640	3269	+	7153424
884	Chr1	7238692	7239698	AT1G20823	1006	+	7237692
889	Chr1	7289729	7290390	AT1G20923	213	-	7289890
894	Chr1	7346155	7347283	AT1G21010	1128	+	7345155
899	Chr1	7386761	7388512	AT1G21100	1545	-	7388012
900	Chr1	7395178	7396773	AT1G21120	1407	-	7396273
905	Chr1	7476944	7479034	AT1G21350	1099	-	7478534
906	Chr1	7489045	7490803	AT1G21390	1335	-	7490303
908	Chr1	7496997	7499616	AT1G21410	1588	+	7495997
912	Chr1	7534018	7534927	AT1G21520	909	-	7534427
914	Chr1	7552986	7553975	AT1G21550	989	-	7553475
923	Chr1	7645609	7648855	AT1G21750	2004	+	7644609
929	Chr1	7690801	7692459	AT1G21900	1146	-	7691959
930	Chr1	7715169	7716975	AT1G21940	552	-	7716475
935	Chr1	7800506	7804061	AT1G22110	2378	-	7803561
938	Chr1	7835780	7837411	AT1G22190	1631	+	7834780
952	Chr1	7950818	7952750	AT1G22510	895	-	7952250
961	Chr1	8061750	8067790	AT1G22770	4303	+	8060750
968	Chr1	8102727	8103588	AT1G22890	705	+	8101727
972	Chr1	8135179	8136034	AT1G22985	855	-	8135534
977	Chr1	8184924	8189234	AT1G23090	2489	-	8188734
981	Chr1	8215720	8219641	AT1G23180	3035	+	8214720
996	Chr1	8385187	8386522	AT1G23710	1335	+	8384187
1012	Chr1	8535998	8537780	AT1G24140	1782	-	8537280
1031	Chr1	8799519	8800410	AT1G24996	450	-	8799910
1043	Chr1	8911095	8912822	AT1G25400	1727	-	8912322
1051	Chr1	8981555	8983314	AT1G25560	1759	-	8982814
1062	Chr1	9089468	9092560	AT1G26270	2763	-	9092060
1066	Chr1	9126736	9128568	AT1G26380	1832	-	9128068
1067	Chr1	9130012	9131779	AT1G26390	1767	-	9131279
1076	Chr1	9224058	9225792	AT1G26690	995	-	9225292
1080	Chr1	9285024	9286395	AT1G26800	1371	-	9285895
1093	Chr1	9400325	9403905	AT1G27080	2185	+	9399325
1094	Chr1	9403752	9406369	AT1G27090	1822	-	9405869
1095	Chr1	9407084	9411368	AT1G27100	2326	-	9410868
1100	Chr1	9434350	9439417	AT1G27170	4720	+	9433350
1105	Chr1	9492848	9494382	AT1G27330	906	+	9491848
1107	Chr1	9497999	9499639	AT1G27350	862	-	9499139
1111	Chr1	9519066	9520716	AT1G27420	1278	+	9518066
1121	Chr1	9643350	9647376	AT1G27720	2163	-	9646876
1122	Chr1	9648020	9649323	AT1G27730	1303	-	9648823
1123	Chr1	9671633	9676206	AT1G27770	3537	-	9675706
1133	Chr1	9846746	9848015	AT1G28190	1269	-	9847515
1140	Chr1	9933883	9935269	AT1G28330	790	-	9934769
1144	Chr1	9955773	9956960	AT1G28370	1187	-	9956460
1161	Chr1	10128998	10133961	AT1G29030	1966	-	10133461
1165	Chr1	10180301	10182788	AT1G29150	1871	+	10179301
1171	Chr1	10224814	10226322	AT1G29260	1508	+	10223814
1173	Chr1	10244452	10245874	AT1G29290	1422	+	10243452
1174	Chr1	10252240	10254792	AT1G29310	1855	+	10251240
1176	Chr1	10258247	10261232	AT1G29330	1306	-	10260732
1177	Chr1	10264042	10266917	AT1G29340	2875	+	10263042
1192	Chr1	10355637	10356482	AT1G29640	845	-	10355982
1194	Chr1	10379019	10382153	AT1G29690	2268	-	10381653
1197	Chr1	10424462	10425801	AT1G29770	1339	+	10423462
1198	Chr1	10425621	10426947	AT1G29775	295	-	10426447
1199	Chr1	10426949	10427615	AT1G29780	666	+	10425949
1215	Chr1	10546510	10548236	AT1G30070	1116	-	10547736
1219	Chr1	10618892	10620067	AT1G30190	1175	+	10617892
1220	Chr1	10632719	10635581	AT1G30220	2122	-	10635081
1228	Chr1	10786978	10788683	AT1G30473	1532	+	10785978
1229	Chr1	10788225	10789943	AT1G30475	851	-	10789443
1230	Chr1	10790021	10792725	AT1G30480	1759	+	10789021
1236	Chr1	10892444	10894714	AT1G30700	2039	+	10891444
1237	Chr1	10897924	10899975	AT1G30720	2051	+	10896924
1238	Chr1	10905730	10909756	AT1G30755	3091	-	10909256
1251	Chr1	11114692	11116195	AT1G31130	1503	-	11115695
1257	Chr1	11181503	11185396	AT1G31280	3602	+	11180503
1261	Chr1	11216809	11217546	AT1G31335	737	-	11217046
1296	Chr1	11539992	11544166	AT1G32090	2797	-	11543666
1298	Chr1	11556743	11558702	AT1G32127	1320	+	11555743
1306	Chr1	11656963	11660471	AT1G32330	1996	-	11659971
1307	Chr1	11666885	11668690	AT1G32350	1429	-	11668190
1317	Chr1	11797329	11801359	AT1G32630	3631	+	11796329
1318	Chr1	11798118	11801407	AT1G32640	3289	-	11800907
1322	Chr1	11911667	11913947	AT1G32870	1919	+	11910667
1323	Chr1	11928756	11929993	AT1G32920	1237	+	11927756
1324	Chr1	11931148	11931801	AT1G32928	653	+	11930148
1326	Chr1	11945249	11948650	AT1G32960	2656	+	11944249
1336	Chr1	12089248	12091687	AT1G33350	2439	-	12091187
1345	Chr1	12152572	12154715	AT1G33500	976	+	12151572
1351	Chr1	12237546	12238710	AT1G33760	1164	+	12236546
1356	Chr1	12349303	12351229	AT1G33970	1437	-	12350729
1364	Chr1	12448542	12451287	AT1G34180	2045	+	12447542
1373	Chr1	12552654	12554338	AT1G34380	1380	-	12553838
1375	Chr1	12595109	12602379	AT1G34460	3408	+	12594109
1382	Chr1	12851982	12853235	AT1G35140	1253	+	12850982
1384	Chr1	12896581	12897675	AT1G35210	1094	-	12897175
1399	Chr1	13192607	13198142	AT1G35660	4748	+	13191607
1406	Chr1	13835619	13836954	AT1G36622	1051	-	13836454
1414	Chr1	15936155	15938974	AT1G42480	972	+	15935155
1417	Chr1	16133285	16135587	AT1G42980	1089	+	16132285
1418	Chr1	16135722	16137463	AT1G42990	1231	-	16136963
1419	Chr1	16140815	16141777	AT1G43000	773	+	16139815
1420	Chr1	16263804	16264945	AT1G43160	1045	+	16262804
1434	Chr1	16787507	16789436	AT1G44130	1336	-	16788936
1437	Chr1	16834209	16838562	AT1G44350	2295	-	16838062
1438	Chr1	16847683	16848343	AT1G44414	660	+	16846683
1451	Chr1	17074941	17076417	AT1G45145	840	-	17075917
1472	Chr1	17435586	17438490	AT1G47510	1603	-	17437990
1482	Chr1	17616050	17619011	AT1G47840	1826	-	17618511
1488	Chr1	17728094	17729102	AT1G48060	1008	+	17727094
1494	Chr1	17798430	17802330	AT1G48210	1811	+	17797430
1497	Chr1	17854812	17855715	AT1G48320	820	-	17855215
1505	Chr1	17969394	17970551	AT1G48605	913	-	17970051
1510	Chr1	18011034	18012871	AT1G48700	1174	-	18012371
1522	Chr1	18150466	18153364	AT1G49050	2101	+	18149466
1523	Chr1	18174372	18176389	AT1G49130	1802	-	18175889
1525	Chr1	18183183	18184583	AT1G49170	907	-	18184083
1539	Chr1	18342450	18344452	AT1G49560	1627	+	18341450
1541	Chr1	18391272	18394030	AT1G49710	2152	-	18393530
1565	Chr1	18666985	18667677	AT1G50390	441	-	18667177
1573	Chr1	18756971	18758708	AT1G50640	1737	-	18758208
1578	Chr1	18807671	18809035	AT1G50740	819	+	18806671
1579	Chr1	18808865	18810504	AT1G50745	1568	-	18810004
1580	Chr1	18810602	18812050	AT1G50750	1251	-	18811550
1590	Chr1	18932765	18934049	AT1G51090	1037	+	18931765
1595	Chr1	19032012	19034979	AT1G51340	1849	+	19031012
1610	Chr1	19154322	19156338	AT1G51660	2016	+	19153322
1614	Chr1	19199350	19201707	AT1G51760	1817	+	19198350
1638	Chr1	19574537	19575866	AT1G52560	1044	-	19575366
1639	Chr1	19579838	19580977	AT1G52565	1078	-	19580477
1641	Chr1	19590433	19592731	AT1G52600	966	+	19589433
1646	Chr1	19640898	19641665	AT1G52720	767	+	19639898
1653	Chr1	19685746	19687863	AT1G52870	1391	+	19684746
1654	Chr1	19696922	19698482	AT1G52890	1361	-	19697982
1667	Chr1	19821336	19822252	AT1G53170	916	-	19821752
1672	Chr1	19890934	19893504	AT1G53320	1517	-	19893004
1677	Chr1	19958379	19961827	AT1G53470	3102	+	19957379
1680	Chr1	19980298	19981199	AT1G53540	901	+	19979298
1681	Chr1	19981384	19981495	AT1G53541	111	-	19980995
1682	Chr1	19981627	19981813	AT1G53542	186	+	19980627
1684	Chr1	19996204	20000782	AT1G53590	3262	+	19995204
1686	Chr1	20014378	20015038	AT1G53625	660	-	20014538
1692	Chr1	20061481	20065713	AT1G53730	2687	+	20060481
1699	Chr1	20179356	20180566	AT1G54050	1030	-	20180066
1703	Chr1	20215431	20217489	AT1G54150	1386	+	20214431
1704	Chr1	20217335	20219452	AT1G54160	1462	-	20218952
1743	Chr1	20627906	20629692	AT1G55300	1077	-	20629192
1744	Chr1	20629697	20633007	AT1G55310	1634	+	20628697
1752	Chr1	20729124	20731356	AT1G55530	1780	-	20730856
1758	Chr1	20787119	20791194	AT1G55620	2782	-	20790694
1774	Chr1	20938898	20941884	AT1G55980	1524	-	20941384
1777	Chr1	20966527	20967180	AT1G56060	552	-	20966680
1783	Chr1	21001268	21007855	AT1G56140	3671	-	21007355
1784	Chr1	21008056	21014095	AT1G56145	3368	-	21013595
1785	Chr1	21017310	21018122	AT1G56150	812	+	21016310
1787	Chr1	21024481	21025902	AT1G56170	1113	+	21023481
1788	Chr1	21024485	21028065	AT1G56180	2945	-	21027565
1791	Chr1	21078022	21080423	AT1G56300	1725	-	21079923
1792	Chr1	21089564	21092709	AT1G56340	1851	-	21092209
1794	Chr1	21138514	21141644	AT1G56440	1843	-	21141144
1796	Chr1	21167564	21173632	AT1G56510	3681	+	21166564
1797	Chr1	21174608	21179077	AT1G56520	3856	-	21178577
1798	Chr1	21181584	21185495	AT1G56540	3559	+	21180584
1799	Chr1	21207536	21209635	AT1G56600	1435	+	21206536
1805	Chr1	21345444	21346157	AT1G57630	713	+	21344444
1811	Chr1	21413980	21418115	AT1G57820	2433	-	21417615
1820	Chr1	21535894	21537216	AT1G58170	1322	+	21534894
1822	Chr1	21548186	21553085	AT1G58200	2517	-	21552585
1826	Chr1	21652987	21655439	AT1G58340	2095	+	21651987
1831	Chr1	21707174	21708125	AT1G58420	951	+	21706174
1838	Chr1	21884017	21886051	AT1G59580	1640	+	21883017
1839	Chr1	21887587	21888792	AT1G59590	1205	+	21886587
1852	Chr1	22031342	22032250	AT1G59860	908	+	22030342
1853	Chr1	22032322	22033297	AT1G59865	528	-	22032797
1854	Chr1	22053862	22057268	AT1G59910	3310	-	22056768
1857	Chr1	22080688	22083651	AT1G59980	1785	+	22079688
1863	Chr1	22198265	22200687	AT1G60190	2422	+	22197265
1870	Chr1	22278974	22280593	AT1G60470	1350	-	22280093
1896	Chr1	22523634	22528836	AT1G61120	2926	+	22522634
1900	Chr1	22585751	22588914	AT1G61250	1403	+	22584751
1901	Chr1	22593464	22595338	AT1G61260	1678	-	22594838
1904	Chr1	22628263	22630020	AT1G61340	980	+	22627263
1912	Chr1	22678091	22679302	AT1G61470	1211	+	22677091
1915	Chr1	22708467	22712289	AT1G61560	2416	-	22711789
1916	Chr1	22709008	22710122	AT1G61562	558	+	22708008
1917	Chr1	22733358	22736858	AT1G61610	2991	+	22732358
1918	Chr1	22746361	22749264	AT1G61640	2344	-	22748764
1923	Chr1	22824413	22826902	AT1G61800	1723	+	22823413
1926	Chr1	22867688	22871358	AT1G61890	2115	-	22870858
1939	Chr1	23084292	23087141	AT1G62390	2849	-	23086641
1943	Chr1	23136365	23137254	AT1G62510	889	-	23136754
1944	Chr1	23136719	23137413	AT1G62515	456	+	23135719
1955	Chr1	23229058	23230818	AT1G62730	1333	-	23230318
1956	Chr1	23230921	23233543	AT1G62740	1983	+	23229921
1958	Chr1	23237371	23238644	AT1G62760	1273	-	23238144
1964	Chr1	23314870	23318234	AT1G62950	3269	+	23313870
1969	Chr1	23347716	23352181	AT1G63010	2669	-	23351681
1990	Chr1	23563314	23565586	AT1G63530	1956	+	23562314
1996	Chr1	23635744	23637577	AT1G63720	1683	-	23637077
1998	Chr1	23650847	23655401	AT1G63750	4378	+	23649847
2002	Chr1	23685118	23687374	AT1G63830	1158	+	23684118
2003	Chr1	23689602	23690807	AT1G63840	1205	-	23690307
2010	Chr1	23778254	23779529	AT1G64065	1275	+	23777254
2015	Chr1	23814983	23818481	AT1G64170	2879	-	23817981
2017	Chr1	23828285	23830100	AT1G64200	1063	-	23829600
2027	Chr1	23943483	23945810	AT1G64460	2240	-	23945310
2032	Chr1	23998735	24002058	AT1G64610	2536	-	24001558
2050	Chr1	24159833	24162853	AT1G65040	1978	-	24162353
2063	Chr1	24359433	24360081	AT1G65510	499	+	24358433
2069	Chr1	24431416	24433165	AT1G65690	1251	-	24432665
2077	Chr1	24559252	24560980	AT1G65980	987	-	24560480
2080	Chr1	24599938	24601308	AT1G66080	1271	-	24600808
2081	Chr1	24602032	24604763	AT1G66090	1668	+	24601032
2082	Chr1	24637195	24638608	AT1G66160	1413	+	24636195
2083	Chr1	24647120	24648839	AT1G66180	1719	+	24646120
2088	Chr1	24770418	24771393	AT1G66400	975	-	24770893
2091	Chr1	24811079	24812661	AT1G66500	1582	-	24812161
2092	Chr1	24812836	24816148	AT1G66510	1407	+	24811836
2095	Chr1	24828536	24829589	AT1G66550	765	+	24827536
2096	Chr1	24840898	24842609	AT1G66590	1041	+	24839898
2104	Chr1	24942187	24944514	AT1G66860	1516	+	24941187
2111	Chr1	25003817	25007647	AT1G67000	3121	-	25007147
2123	Chr1	25236810	25238036	AT1G67360	1107	-	25237536
2124	Chr1	25239116	25243837	AT1G67370	2145	-	25243337
2128	Chr1	25263803	25265719	AT1G67440	1571	-	25265219
2129	Chr1	25269427	25271904	AT1G67460	1861	-	25271404
2130	Chr1	25272121	25273860	AT1G67470	1739	+	25271121
2147	Chr1	25442255	25442876	AT1G67855	467	-	25442376
2148	Chr1	25442403	25443019	AT1G67856	616	+	25441403
2151	Chr1	25473543	25474140	AT1G67920	597	+	25472543
2154	Chr1	25480651	25484396	AT1G67960	2251	-	25483896
2155	Chr1	25484448	25486512	AT1G67970	1719	-	25486012
2156	Chr1	25487681	25489312	AT1G67980	1119	+	25486681
2165	Chr1	25538923	25541823	AT1G68140	1824	-	25541323
2169	Chr1	25596670	25598438	AT1G68290	1094	+	25595670
2170	Chr1	25598330	25599350	AT1G68300	759	-	25598850
2181	Chr1	25765717	25767240	AT1G68620	1523	+	25764717
2186	Chr1	25788304	25792324	AT1G68690	3353	+	25787304
2196	Chr1	25918166	25921034	AT1G68930	2785	+	25917166
2210	Chr1	26032636	26035504	AT1G69250	1905	+	26031636
2218	Chr1	26072283	26076374	AT1G69360	3379	-	26075874
2221	Chr1	26097728	26099388	AT1G69430	1660	+	26096728
2234	Chr1	26226730	26228580	AT1G69720	1250	+	26225730
2237	Chr1	26293587	26295907	AT1G69840	1419	-	26295407
2238	Chr1	26296539	26300684	AT1G69850	2440	-	26300184
2239	Chr1	26323085	26324946	AT1G69890	1599	-	26324446
2249	Chr1	26412499	26415258	AT1G70140	2681	-	26414758
2251	Chr1	26426268	26429361	AT1G70180	2142	+	26425268
2259	Chr1	26477742	26481630	AT1G70300	2996	-	26481130
2266	Chr1	26508485	26509325	AT1G70360	817	+	26507485
2279	Chr1	26618098	26620421	AT1G70590	1622	+	26617098
2281	Chr1	26636109	26637876	AT1G70640	1659	+	26635109
2290	Chr1	26702492	26703926	AT1G70800	1065	+	26701492
2291	Chr1	26703965	26705360	AT1G70810	1008	+	26702965
2295	Chr1	26768791	26770175	AT1G71000	1106	-	26769675
2300	Chr1	26817877	26821094	AT1G71110	2282	+	26816877
2301	Chr1	26830602	26832123	AT1G71170	1521	+	26829602
2303	Chr1	26841629	26851959	AT1G71220	5105	+	26840629
2314	Chr1	26970967	26973464	AT1G71697	1897	+	26969967
2328	Chr1	27080183	27081641	AT1G71950	748	-	27081141
2339	Chr1	27190035	27190754	AT1G72240	719	+	27189035
2342	Chr1	27211820	27214688	AT1G72280	1810	-	27214188
2344	Chr1	27233417	27236822	AT1G72330	2093	+	27232417
2348	Chr1	27258746	27260521	AT1G72416	1224	-	27260021
2355	Chr1	27308512	27312756	AT1G72520	3046	+	27307512
2356	Chr1	27314876	27316669	AT1G72540	1408	-	27316169
2357	Chr1	27315739	27316417	AT1G72545	343	+	27314739
2363	Chr1	27353764	27356852	AT1G72660	1738	+	27352764
2364	Chr1	27356458	27358863	AT1G72670	1890	-	27358363
2368	Chr1	27385420	27388274	AT1G72760	2094	-	27387774
2374	Chr1	27432177	27433782	AT1G72900	1380	+	27431177
2376	Chr1	27444414	27445997	AT1G72950	1493	+	27443414
2377	Chr1	27464527	27466348	AT1G73010	1308	-	27465848
2385	Chr1	27527751	27530952	AT1G73210	1826	-	27530452
2389	Chr1	27544968	27546479	AT1G73250	1335	-	27545979
2396	Chr1	27589014	27590838	AT1G73380	1571	+	27588014
2399	Chr1	27628677	27632840	AT1G73480	2334	+	27627677
2400	Chr1	27639090	27640643	AT1G73500	1553	-	27640143
2401	Chr1	27645551	27646743	AT1G73540	1097	-	27646243
2406	Chr1	27714909	27717420	AT1G73690	1802	+	27713909
2410	Chr1	27734023	27736363	AT1G73740	2078	+	27733023
2411	Chr1	27736545	27739210	AT1G73750	1795	+	27735545
2415	Chr1	27744789	27749248	AT1G73805	2397	-	27748748
2416	Chr1	27752341	27755297	AT1G73810	1510	-	27754797
2427	Chr1	27832094	27834207	AT1G74010	1505	-	27833707
2437	Chr1	27917248	27920190	AT1G74240	1486	+	27916248
2441	Chr1	27935155	27936608	AT1G74300	1387	+	27934155
2442	Chr1	27936507	27940309	AT1G74310	3284	-	27939809
2443	Chr1	27940593	27943204	AT1G74320	1664	+	27939593
2445	Chr1	27954128	27958114	AT1G74360	3694	+	27953128
2453	Chr1	27982508	27984280	AT1G74450	1772	+	27981508
2460	Chr1	28023626	28024860	AT1G74590	1153	-	28024360
2470	Chr1	28070294	28074177	AT1G74710	2085	+	28069294
2477	Chr1	28143850	28145058	AT1G74930	1208	+	28142850
2479	Chr1	28148574	28150446	AT1G74950	1282	-	28149946
2482	Chr1	28181274	28183503	AT1G75060	1153	-	28183003
2497	Chr1	28281388	28284045	AT1G75380	1550	-	28283545
2498	Chr1	28291697	28293008	AT1G75390	1311	+	28290697
2501	Chr1	28313378	28315122	AT1G75440	892	+	28312378
2502	Chr1	28314457	28318362	AT1G75450	2711	-	28317862
2508	Chr1	28377376	28378310	AT1G75580	934	+	28376376
2523	Chr1	28484128	28485951	AT1G75860	1228	-	28485451
2526	Chr1	28522553	28524418	AT1G75980	1176	-	28523918
2530	Chr1	28546381	28547611	AT1G76070	1230	+	28545381
2531	Chr1	28547785	28549586	AT1G76080	1424	-	28549086
2546	Chr1	28682083	28683785	AT1G76440	877	-	28683285
2553	Chr1	28740539	28742231	AT1G76590	1410	+	28739539
2554	Chr1	28746832	28747848	AT1G76600	1016	+	28745832
2557	Chr1	28766749	28767712	AT1G76650	963	-	28767212
2559	Chr1	28780407	28783257	AT1G76700	1643	-	28782757
2572	Chr1	28895300	28896883	AT1G76930	1060	-	28896383
2575	Chr1	28940485	28942639	AT1G77000	1723	+	28939485
2587	Chr1	29071982	29073654	AT1G77360	1672	-	29073154
2589	Chr1	29088696	29093264	AT1G77410	2638	-	29092764
2590	Chr1	29099838	29101759	AT1G77450	1730	+	29098838
2591	Chr1	29103641	29111931	AT1G77460	6970	+	29102641
2594	Chr1	29126647	29129700	AT1G77510	1888	+	29125647
2600	Chr1	29191719	29196290	AT1G77680	3963	-	29195790
2602	Chr1	29260898	29263119	AT1G77810	1282	-	29262619
2605	Chr1	29292074	29296160	AT1G77890	2323	+	29291074
2612	Chr1	29364071	29366207	AT1G78080	2136	+	29363071
2618	Chr1	29404770	29406741	AT1G78150	1450	+	29403770
2624	Chr1	29463547	29465249	AT1G78310	1702	-	29464749
2626	Chr1	29486386	29488007	AT1G78380	1120	-	29487507
2627	Chr1	29498193	29499682	AT1G78400	1302	-	29499182
2630	Chr1	29566862	29568931	AT1G78600	1676	+	29565862
2631	Chr1	29568960	29572572	AT1G78610	3282	-	29572072
2650	Chr1	29676754	29677815	AT1G78922	863	-	29677315
2655	Chr1	29713315	29715017	AT1G78990	1631	-	29714517
2673	Chr1	29882120	29887414	AT1G79440	2130	-	29886914
2678	Chr1	29924022	29926484	AT1G79550	1719	-	29925984
2686	Chr1	29979972	29982819	AT1G79680	2595	-	29982319
2691	Chr1	30015711	30016856	AT1G79780	782	+	30014711
2699	Chr1	30057219	30058657	AT1G79915	939	+	30056219
2700	Chr1	30059301	30062824	AT1G79920	2456	-	30062324
2701	Chr1	30063447	30067589	AT1G79930	3069	-	30067089
2711	Chr1	30135023	30136956	AT1G80110	1405	+	30134023
2713	Chr1	30150997	30152614	AT1G80160	1291	+	30149997
2733	Chr1	30258004	30260732	AT1G80480	1764	-	30260232
2750	Chr1	30383560	30385499	AT1G80840	1325	+	30382560
2766	Chr2	100633	101566	AT2G01150	933	+	99633
2767	Chr2	106729	108810	AT2G01180	1605	-	108310
2774	Chr2	172175	174137	AT2G01390	1814	+	171175
2783	Chr2	242040	243649	AT2G01540	1215	-	243149
2806	Chr2	474107	476650	AT2G02010	1904	-	476150
2811	Chr2	583796	587401	AT2G02220	3605	-	586901
2812	Chr2	617413	619091	AT2G02350	1591	-	618591
2822	Chr2	771150	773540	AT2G02750	2390	-	773040
2823	Chr2	773644	775902	AT2G02760	1504	+	772644
2825	Chr2	801526	803521	AT2G02810	1347	+	800526
2837	Chr2	937382	940551	AT2G03120	1674	+	936382
2852	Chr2	1071452	1073566	AT2G03530	1509	+	1070452
2864	Chr2	1185457	1188681	AT2G03890	3093	+	1184457
2865	Chr2	1281753	1286144	AT2G04030	2807	+	1280753
2868	Chr2	1353754	1355883	AT2G04070	1716	-	1355383
2869	Chr2	1376693	1379130	AT2G04100	1857	-	1378630
2881	Chr2	1574561	1575960	AT2G04520	944	-	1575460
2882	Chr2	1576693	1578962	AT2G04530	1530	+	1575693
2916	Chr2	2359113	2362375	AT2G06050	1563	-	2361875
2919	Chr2	2588522	2590531	AT2G06530	1141	-	2590031
2944	Chr2	5741591	5746833	AT2G13790	2502	+	5740591
2966	Chr2	6393309	6395000	AT2G14880	961	-	6394500
2971	Chr2	6608560	6609681	AT2G15220	1121	+	6607560
2974	Chr2	6709259	6710856	AT2G15390	1597	-	6710356
2984	Chr2	6877773	6880898	AT2G15790	1513	-	6880398
2987	Chr2	6920368	6922161	AT2G15890	1622	-	6921661
2990	Chr2	6947095	6947866	AT2G15960	771	+	6946095
3003	Chr2	7200422	7201755	AT2G16600	1333	+	7199422
3006	Chr2	7255472	7256831	AT2G16720	1287	-	7256331
3023	Chr2	7406910	7408393	AT2G17040	1316	+	7405910
3034	Chr2	7573815	7575951	AT2G17442	841	-	7575451
3051	Chr2	7755604	7757929	AT2G17840	1808	-	7757429
3052	Chr2	7773219	7776825	AT2G17900	1793	-	7776325
3056	Chr2	7829034	7830059	AT2G18000	609	+	7828034
3074	Chr2	8030959	8033619	AT2G18510	1788	-	8033119
3078	Chr2	8093219	8094823	AT2G18670	1166	+	8092219
3079	Chr2	8094613	8095779	AT2G18680	1166	+	8093613
3080	Chr2	8094823	8095027	AT2G18685	204	-	8094527
3081	Chr2	8097419	8099393	AT2G18690	1974	+	8096419
3094	Chr2	8293639	8296485	AT2G19130	2846	+	8292639
3100	Chr2	8369567	8370675	AT2G19310	1108	-	8370175
3105	Chr2	8426116	8429853	AT2G19450	2280	+	8425116
3107	Chr2	8472133	8475153	AT2G19580	1204	-	8474653
3123	Chr2	8683978	8687283	AT2G20110	2646	+	8682978
3125	Chr2	8695373	8696643	AT2G20142	1032	+	8694373
3139	Chr2	8844150	8845764	AT2G20540	1614	+	8843150
3140	Chr2	8845801	8847309	AT2G20550	1203	-	8846809
3141	Chr2	8848129	8850111	AT2G20560	1533	-	8849611
3142	Chr2	8850147	8851035	AT2G20562	641	-	8850535
3150	Chr2	8927821	8930120	AT2G20720	2221	-	8929620
3157	Chr2	8985958	8987302	AT2G20880	1344	+	8984958
3160	Chr2	9002000	9002908	AT2G20940	908	-	9002408
3165	Chr2	9055397	9056481	AT2G21130	1084	-	9055981
3176	Chr2	9126262	9127987	AT2G21320	1093	+	9125262
3181	Chr2	9171871	9173490	AT2G21430	1367	-	9172990
3184	Chr2	9207431	9210231	AT2G21500	1934	-	9209731
3185	Chr2	9210629	9212765	AT2G21510	1318	-	9212265
3193	Chr2	9254377	9255743	AT2G21640	735	+	9253377
3194	Chr2	9265083	9266557	AT2G21660	1165	-	9266057
3200	Chr2	9302852	9303408	AT2G21820	556	-	9302908
3205	Chr2	9350542	9353231	AT2G21940	1374	+	9349542
3212	Chr2	9451604	9454300	AT2G22240	2191	-	9453800
3221	Chr2	9530364	9533066	AT2G22450	2095	+	9529364
3222	Chr2	9538126	9538963	AT2G22470	837	-	9538463
3225	Chr2	9562773	9564850	AT2G22500	2077	-	9564350
3232	Chr2	9684561	9686613	AT2G22770	1551	+	9683561
3233	Chr2	9695831	9697127	AT2G22790	1296	+	9694831
3236	Chr2	9723614	9726384	AT2G22830	2204	-	9725884
3238	Chr2	9737582	9738384	AT2G22860	654	+	9736582
3239	Chr2	9741118	9741463	AT2G22880	345	-	9740963
3242	Chr2	9774748	9778561	AT2G22970	1765	+	9773748
3247	Chr2	9863854	9866562	AT2G23170	2118	-	9866062
3249	Chr2	9924885	9926372	AT2G23320	1284	+	9923885
3256	Chr2	10066116	10067737	AT2G23680	1268	+	10065116
3259	Chr2	10122496	10124636	AT2G23780	1425	-	10124136
3261	Chr2	10135604	10137595	AT2G23810	1319	-	10137095
3272	Chr2	10244744	10246994	AT2G24100	1856	+	10243744
3277	Chr2	10294285	10297597	AT2G24210	2016	+	10293285
3289	Chr2	10427855	10429487	AT2G24550	1378	-	10428987
3291	Chr2	10452115	10454593	AT2G24600	2020	-	10454093
3293	Chr2	10493855	10496878	AT2G24680	1517	-	10496378
3303	Chr2	10670409	10672892	AT2G25090	1824	-	10672392
3304	Chr2	10684117	10686347	AT2G25110	1476	+	10683117
3305	Chr2	10697628	10702203	AT2G25140	3348	-	10701703
3316	Chr2	10771584	10774403	AT2G25300	1625	-	10773903
3321	Chr2	10832753	10835483	AT2G25460	1802	-	10834983
3333	Chr2	10974654	10975916	AT2G25735	1262	-	10975416
3339	Chr2	11058943	11063324	AT2G25930	2749	+	11057943
3341	Chr2	11068579	11070661	AT2G25950	907	+	11067579
3343	Chr2	11081301	11085330	AT2G26000	1672	+	11080301
3348	Chr2	11131577	11135465	AT2G26140	2854	-	11134965
3349	Chr2	11135623	11137792	AT2G26150	1845	+	11134623
3362	Chr2	11282662	11284272	AT2G26530	1610	-	11283772
3363	Chr2	11293701	11295918	AT2G26560	1644	-	11295418
3368	Chr2	11343765	11345540	AT2G26680	1449	-	11345040
3371	Chr2	11395706	11397219	AT2G26750	1361	-	11396719
3377	Chr2	11451949	11453947	AT2G26860	1677	-	11453447
3384	Chr2	11566287	11567504	AT2G27080	1217	+	11565287
3388	Chr2	11625156	11628290	AT2G27200	2237	+	11624156
3390	Chr2	11669654	11670644	AT2G27260	990	+	11668654
3392	Chr2	11683771	11685342	AT2G27310	1571	-	11684842
3404	Chr2	11776409	11777553	AT2G27580	1027	-	11777053
3406	Chr2	11809278	11811280	AT2G27690	2002	+	11808278
3412	Chr2	11860217	11861525	AT2G27830	1308	+	11859217
3417	Chr2	11926445	11929488	AT2G28000	2222	+	11925445
3438	Chr2	12147882	12149072	AT2G28400	1190	-	12148572
3442	Chr2	12186273	12188293	AT2G28500	1211	-	12187793
3445	Chr2	12241765	12242778	AT2G28570	1013	+	12240765
3463	Chr2	12506879	12510552	AT2G29110	2844	-	12510052
3464	Chr2	12523275	12524193	AT2G29125	918	+	12522275
3473	Chr2	12613013	12615414	AT2G29400	1486	-	12614914
3475	Chr2	12624402	12625790	AT2G29450	1270	-	12625290
3476	Chr2	12626477	12627891	AT2G29460	1177	-	12627391
3478	Chr2	12633064	12634120	AT2G29500	1056	-	12633620
3486	Chr2	12700400	12702443	AT2G29720	1629	-	12701943
3494	Chr2	12803822	12805024	AT2G30000	719	-	12804524
3495	Chr2	12814270	12816360	AT2G30020	1813	+	12813270
3496	Chr2	12834859	12838655	AT2G30070	2565	+	12833859
3503	Chr2	12897053	12898172	AT2G30230	1119	+	12896053
3504	Chr2	12903207	12905338	AT2G30250	1776	-	12904838
3505	Chr2	12925508	12928009	AT2G30320	1865	-	12927509
3508	Chr2	12936978	12938834	AT2G30360	1856	-	12938334
3514	Chr2	12987095	12992727	AT2G30480	2479	-	12992227
3519	Chr2	13014858	13016780	AT2G30550	1922	+	13013858
3529	Chr2	13099485	13101371	AT2G30750	1494	-	13100871
3567	Chr2	13436484	13438011	AT2G31560	1241	+	13435484
3576	Chr2	13537754	13539804	AT2G31840	1387	-	13539304
3577	Chr2	13546543	13549571	AT2G31865	1914	-	13549071
3578	Chr2	13549935	13553843	AT2G31870	1797	-	13553343
3579	Chr2	13556499	13559880	AT2G31890	2781	-	13559380
3585	Chr2	13632467	13633551	AT2G32030	1084	-	13633051
3590	Chr2	13651441	13653945	AT2G32120	2185	-	13653445
3591	Chr2	13654804	13655525	AT2G32130	721	-	13655025
3592	Chr2	13655626	13657369	AT2G32140	1485	-	13656869
3593	Chr2	13658887	13660948	AT2G32150	1416	+	13657887
3594	Chr2	13674397	13675356	AT2G32190	670	+	13673397
3595	Chr2	13676487	13677306	AT2G32200	561	+	13675487
3596	Chr2	13677985	13678906	AT2G32210	659	+	13676985
3611	Chr2	13805518	13807536	AT2G32520	1118	-	13807036
3623	Chr2	13927605	13929763	AT2G32830	1883	-	13929263
3628	Chr2	13962212	13965531	AT2G32920	1737	-	13965031
3629	Chr2	13965989	13968957	AT2G32930	1900	-	13968457
3630	Chr2	13971915	13977521	AT2G32940	3123	-	13977021
3634	Chr2	14041037	14043389	AT2G33110	1410	-	14042889
3642	Chr2	14144830	14146555	AT2G33380	1045	-	14146055
3652	Chr2	14223169	14224167	AT2G33585	815	-	14223667
3653	Chr2	14224267	14226636	AT2G33590	1591	+	14223267
3659	Chr2	14268268	14269489	AT2G33735	718	-	14268989
3660	Chr2	14269580	14271674	AT2G33740	828	+	14268580
3669	Chr2	14377721	14382673	AT2G34040	2183	-	14382173
3672	Chr2	14396015	14399265	AT2G34090	1700	-	14398765
3673	Chr2	14462022	14464879	AT2G34250	1965	+	14461022
3683	Chr2	14539372	14541617	AT2G34500	2245	-	14541117
3690	Chr2	14568801	14571143	AT2G34590	1674	-	14570643
3691	Chr2	14573029	14573952	AT2G34600	823	+	14572029
3700	Chr2	14702487	14704371	AT2G34840	1203	+	14701487
3710	Chr2	14763254	14765045	AT2G35035	1017	-	14764545
3750	Chr2	15069871	15071829	AT2G35900	1199	-	15071329
3753	Chr2	15082854	15084559	AT2G35930	1705	-	15084059
3754	Chr2	15083352	15084340	AT2G35935	466	+	15082352
3757	Chr2	15110491	15111539	AT2G35980	1048	+	15109491
3759	Chr2	15127264	15127816	AT2G36026	552	+	15126264
3761	Chr2	15148258	15151634	AT2G36080	1311	-	15151134
3766	Chr2	15192479	15193698	AT2G36220	1219	+	15191479
3773	Chr2	15296612	15298754	AT2G36460	1760	-	15298254
3779	Chr2	15410375	15412064	AT2G36750	1689	-	15411564
3781	Chr2	15445293	15446621	AT2G36830	1237	+	15444293
3788	Chr2	15490559	15492822	AT2G36900	1881	-	15492322
3794	Chr2	15575995	15577877	AT2G37060	908	+	15574995
3799	Chr2	15613401	15614916	AT2G37170	1205	-	15614416
3800	Chr2	15617634	15619155	AT2G37180	1220	+	15616634
3814	Chr2	15830869	15831592	AT2G37750	723	+	15829869
3819	Chr2	15864185	15866769	AT2G37900	2299	-	15866269
3821	Chr2	15876717	15880073	AT2G37940	2031	+	15875717
3823	Chr2	15890868	15891704	AT2G37970	836	+	15889868
3834	Chr2	16012534	16014991	AT2G38240	1575	-	16014491
3835	Chr2	16018209	16020156	AT2G38250	1700	+	16017209
3838	Chr2	16067395	16068615	AT2G38340	1131	-	16068115
3845	Chr2	16106209	16106935	AT2G38465	563	-	16106435
3846	Chr2	16108234	16110766	AT2G38470	2028	+	16107234
3852	Chr2	16157520	16158660	AT2G38640	981	-	16158160
3863	Chr2	16221820	16223743	AT2G38820	1843	+	16220820
3872	Chr2	16317355	16319387	AT2G39100	1408	+	16316355
3873	Chr2	16319446	16321685	AT2G39110	1748	+	16318446
3875	Chr2	16356040	16359943	AT2G39200	2091	-	16359443
3884	Chr2	16460246	16463220	AT2G39420	1497	+	16459246
3892	Chr2	16527729	16529494	AT2G39650	1460	-	16528994
3893	Chr2	16531526	16533986	AT2G39660	1989	+	16530526
3906	Chr2	16658467	16660443	AT2G39900	1197	+	16657467
3912	Chr2	16700489	16702336	AT2G40000	1847	-	16701836
3917	Chr2	16742895	16745152	AT2G40095	1352	+	16741895
3920	Chr2	16771996	16774734	AT2G40140	2463	+	16770996
3926	Chr2	16831108	16833294	AT2G40300	1252	-	16832794
3944	Chr2	16983086	16985791	AT2G40715	387	-	16985291
3950	Chr2	17042622	17044915	AT2G40830	1553	+	17041622
3956	Chr2	17087564	17090556	AT2G40950	2654	-	17090056
3957	Chr2	17095164	17097454	AT2G40960	1614	+	17094164
3959	Chr2	17113797	17115047	AT2G41010	1250	-	17114547
3966	Chr2	17138064	17139617	AT2G41100	1252	+	17137064
3967	Chr2	17138332	17139159	AT2G41105	334	-	17138659
3970	Chr2	17155987	17158935	AT2G41160	1438	-	17158435
3971	Chr2	17159073	17161293	AT2G41170	1800	-	17160793
3974	Chr2	17194747	17195697	AT2G41230	950	-	17195197
3981	Chr2	17261727	17263017	AT2G41410	1290	-	17262517
3982	Chr2	17269231	17270542	AT2G41430	995	+	17268231
3987	Chr2	17301571	17304211	AT2G41490	1667	+	17300571
3995	Chr2	17360373	17362601	AT2G41640	1993	+	17359373
4001	Chr2	17409369	17410334	AT2G41730	965	+	17408369
4007	Chr2	17457698	17459691	AT2G41835	1438	-	17459191
4026	Chr2	17630728	17634299	AT2G42330	2786	-	17633799
4027	Chr2	17640797	17641790	AT2G42360	993	+	17639797
4051	Chr2	17863681	17866572	AT2G42950	2048	+	17862681
4054	Chr2	17891502	17894635	AT2G43020	2110	+	17890502
4063	Chr2	17991051	17992047	AT2G43290	996	-	17991547
4065	Chr2	17996649	18000027	AT2G43320	1691	-	17999527
4077	Chr2	18095684	18097488	AT2G43630	1218	+	18094684
4089	Chr2	18166335	18168381	AT2G43870	1551	-	18167881
4098	Chr2	18236788	18238173	AT2G44080	1287	+	18235788
4117	Chr2	18408578	18410170	AT2G44600	1592	+	18407578
4118	Chr2	18420831	18422839	AT2G44660	1533	-	18422339
4128	Chr2	18495214	18496327	AT2G44840	1113	+	18494214
4131	Chr2	18517655	18519731	AT2G44910	1394	-	18519231
4136	Chr2	18582696	18584127	AT2G45050	1338	+	18581696
4137	Chr2	18587081	18588259	AT2G45070	458	-	18587759
4147	Chr2	18698591	18699514	AT2G45360	829	+	18697591
4148	Chr2	18699427	18703093	AT2G45380	1645	-	18702593
4157	Chr2	18779320	18781973	AT2G45570	2204	-	18781473
4170	Chr2	18846943	18847835	AT2G45760	892	-	18847335
4189	Chr2	18986132	18990220	AT2G46240	3784	+	18985132
4191	Chr2	19000179	19003403	AT2G46270	1944	+	18999179
4197	Chr2	19043410	19044955	AT2G46400	1354	-	19044455
4199	Chr2	19090952	19093373	AT2G46510	2421	-	19092873
4204	Chr2	19136018	19136600	AT2G46600	582	+	19135018
4205	Chr2	19138768	19140849	AT2G46620	2081	-	19140349
4211	Chr2	19197329	19200442	AT2G46720	3113	+	19196329
4213	Chr2	19232606	19235179	AT2G46790	1952	+	19231606
4218	Chr2	19295430	19297858	AT2G46970	1617	-	19297358
4223	Chr2	19368797	19370478	AT2G47180	1392	-	19369978
4232	Chr2	19481253	19484015	AT2G47470	1667	+	19480253
4233	Chr2	19483918	19484642	AT2G47480	724	-	19484142
4237	Chr2	19556325	19559468	AT2G47730	1739	+	19555325
4257	Chr3	19408	20806	AT3G01070	1116	+	18408
4260	Chr3	34657	38660	AT3G01100	2753	-	38160
4264	Chr3	71555	73407	AT3G01210	1289	+	70555
4265	Chr3	87683	89593	AT3G01290	1663	-	89093
4290	Chr3	296053	297133	AT3G01830	1080	+	295053
4291	Chr3	296581	298648	AT3G01840	1979	-	298148
4304	Chr3	385236	387051	AT3G02140	1815	-	386551
4328	Chr3	606284	607907	AT3G02800	1168	-	607407
4330	Chr3	618408	619686	AT3G02840	1278	+	617408
4338	Chr3	673427	676428	AT3G02990	1933	+	672427
4348	Chr3	761133	763115	AT3G03270	895	-	762615
4350	Chr3	778567	781703	AT3G03310	1758	-	781203
4351	Chr3	781714	783464	AT3G03320	1067	+	780714
4357	Chr3	837804	840645	AT3G03520	1873	-	840145
4364	Chr3	877843	880461	AT3G03630	1733	-	879961
4381	Chr3	1021404	1024009	AT3G03950	1617	+	1020404
4384	Chr3	1036193	1039603	AT3G04010	2501	-	1039103
4389	Chr3	1053359	1055196	AT3G04060	1526	-	1054696
4391	Chr3	1080941	1083690	AT3G04120	1711	+	1079941
4393	Chr3	1103615	1104614	AT3G04200	854	-	1104114
4395	Chr3	1109117	1112188	AT3G04220	2604	-	1111688
4406	Chr3	1260905	1261683	AT3G04640	778	-	1261183
4410	Chr3	1278027	1281170	AT3G04710	1800	+	1277027
4424	Chr3	1376153	1378500	AT3G04970	1441	+	1375153
4427	Chr3	1393141	1397627	AT3G05030	2571	-	1397127
4438	Chr3	1476959	1478850	AT3G05200	1891	+	1475959
4439	Chr3	1492083	1495397	AT3G05230	2669	+	1491083
4443	Chr3	1513397	1514919	AT3G05320	1522	-	1514419
4444	Chr3	1517408	1518599	AT3G05327	1011	-	1518099
4455	Chr3	1617660	1620702	AT3G05580	2364	-	1620202
4459	Chr3	1640349	1643253	AT3G05640	1780	-	1642753
4488	Chr3	1940906	1946980	AT3G06400	3607	+	1939906
4497	Chr3	2011992	2015831	AT3G06500	2671	+	2010992
4499	Chr3	2034912	2037791	AT3G06540	2109	-	2037291
4505	Chr3	2102315	2104908	AT3G06660	1843	+	2101315
4510	Chr3	2132836	2134665	AT3G06760	1119	+	2131836
4519	Chr3	2241001	2243124	AT3G07080	1865	+	2240001
4520	Chr3	2242997	2244828	AT3G07090	1054	-	2244328
4522	Chr3	2261103	2264064	AT3G07140	2541	+	2260103
4523	Chr3	2263805	2264721	AT3G07150	745	-	2264221
4529	Chr3	2347467	2348791	AT3G07350	1324	+	2346467
4542	Chr3	2455238	2456918	AT3G07680	1123	+	2454238
4548	Chr3	2478886	2484231	AT3G07770	2906	+	2477886
4565	Chr3	2608307	2611555	AT3G08590	2286	-	2611055
4567	Chr3	2641011	2642919	AT3G08690	1110	+	2640011
4568	Chr3	2648371	2651231	AT3G08720	2022	-	2650731
4580	Chr3	2737296	2740549	AT3G08970	2113	+	2736296
4584	Chr3	2757325	2758349	AT3G09032	1024	-	2757849
4589	Chr3	2782132	2782740	AT3G09085	608	+	2781132
4596	Chr3	2870969	2873332	AT3G09350	1561	+	2869969
4599	Chr3	2902354	2905947	AT3G09440	3138	-	2905447
4600	Chr3	2910410	2911354	AT3G09455	573	-	2910854
4601	Chr3	2914700	2915442	AT3G09480	742	-	2914942
4602	Chr3	2923517	2925889	AT3G09520	2372	+	2922517
4605	Chr3	2956155	2958330	AT3G09640	1068	+	2955155
4616	Chr3	3016489	3019103	AT3G09830	2035	+	3015489
4617	Chr3	3019248	3023052	AT3G09840	2895	+	3018248
4619	Chr3	3027423	3027961	AT3G09870	538	-	3027461
4626	Chr3	3090805	3091922	AT3G10020	1117	-	3091422
4627	Chr3	3092015	3095025	AT3G10030	2084	-	3094525
4638	Chr3	3186313	3187442	AT3G10300	1129	+	3185313
4650	Chr3	3271216	3274176	AT3G10500	2440	+	3270216
4658	Chr3	3323270	3325085	AT3G10640	1118	-	3324585
4665	Chr3	3379167	3381621	AT3G10800	2377	+	3378167
4667	Chr3	3384806	3386533	AT3G10815	1052	-	3386033
4668	Chr3	3387077	3389966	AT3G10820	1926	+	3386077
4671	Chr3	3420080	3420932	AT3G10930	852	-	3420432
4676	Chr3	3442236	3443680	AT3G10985	1444	+	3441236
4679	Chr3	3455354	3457342	AT3G11020	1562	+	3454354
4687	Chr3	3516569	3518477	AT3G11230	800	+	3515569
4694	Chr3	3602035	3605172	AT3G11440	2140	+	3601035
4697	Chr3	3614420	3617342	AT3G11480	1468	+	3613420
4705	Chr3	3675952	3677279	AT3G11650	1327	-	3676779
4706	Chr3	3680865	3684871	AT3G11670	3027	-	3684371
4707	Chr3	3694955	3696749	AT3G11690	1794	+	3693955
4713	Chr3	3729304	3731251	AT3G11820	1659	-	3730751
4720	Chr3	3835128	3836849	AT3G12040	1053	-	3836349
4721	Chr3	3839100	3841606	AT3G12050	1574	+	3838100
4737	Chr3	3967094	3967822	AT3G12510	728	+	3966094
4740	Chr3	3991116	3993886	AT3G12580	2520	-	3993386
4741	Chr3	3994339	3995671	AT3G12587	594	-	3995171
4748	Chr3	4049308	4051775	AT3G12740	1697	+	4048308
4752	Chr3	4078650	4079627	AT3G12830	977	-	4079127
4770	Chr3	4271257	4274464	AT3G13235	1595	-	4273964
4773	Chr3	4294340	4294860	AT3G13276	269	+	4293340
4778	Chr3	4346329	4350939	AT3G13380	4517	+	4345329
4784	Chr3	4389214	4393015	AT3G13470	2348	+	4388214
4785	Chr3	4392885	4394367	AT3G13480	1336	-	4393867
4786	Chr3	4408924	4409734	AT3G13520	810	+	4407924
4807	Chr3	4559907	4561020	AT3G13850	1113	+	4558907
4808	Chr3	4561516	4565335	AT3G13860	2108	-	4564835
4809	Chr3	4585683	4591035	AT3G13900	4553	+	4584683
4810	Chr3	4590918	4591483	AT3G13910	565	-	4590983
4817	Chr3	4650713	4654046	AT3G14050	2850	-	4653546
4818	Chr3	4656781	4657723	AT3G14060	942	-	4657223
4825	Chr3	4712573	4714698	AT3G14200	1337	-	4714198
4832	Chr3	4831285	4834015	AT3G14440	2730	-	4833515
4840	Chr3	4904347	4907993	AT3G14590	2666	-	4907493
4842	Chr3	4914788	4917176	AT3G14620	2060	+	4913788
4866	Chr3	5121421	5122562	AT3G15210	1141	+	5120421
4869	Chr3	5159697	5162945	AT3G15340	2397	-	5162445
4882	Chr3	5234456	5236196	AT3G15500	1542	+	5233456
4884	Chr3	5252698	5254562	AT3G15530	1684	-	5254062
4892	Chr3	5337474	5338562	AT3G15760	1010	+	5336474
4893	Chr3	5339991	5341339	AT3G15770	863	+	5338991
4900	Chr3	5443080	5443952	AT3G16040	458	+	5442080
4901	Chr3	5443949	5445329	AT3G16050	1380	-	5444829
4922	Chr3	5616800	5618322	AT3G16510	1522	-	5617822
4931	Chr3	5692606	5694181	AT3G16720	1575	+	5691606
4939	Chr3	5759374	5762264	AT3G16860	2390	-	5761764
4945	Chr3	5796929	5799747	AT3G17000	1576	+	5795929
4949	Chr3	5844276	5845220	AT3G17130	944	-	5844720
4958	Chr3	5934032	5935376	AT3G17350	1084	+	5933032
4965	Chr3	6024795	6026556	AT3G17611	1538	+	6023795
4966	Chr3	6026445	6027694	AT3G17620	1249	-	6027194
4972	Chr3	6045001	6048529	AT3G17690	2760	+	6044001
4978	Chr3	6089380	6091231	AT3G17790	1658	+	6088380
4979	Chr3	6091109	6093151	AT3G17800	1682	-	6092651
5025	Chr3	6434081	6436046	AT3G18710	1965	-	6435546
5036	Chr3	6516890	6519824	AT3G18900	2120	+	6515890
5037	Chr3	6523378	6525543	AT3G18930	1959	-	6525043
5041	Chr3	6563927	6564424	AT3G19030	497	-	6563924
5045	Chr3	6632636	6637292	AT3G19180	2972	+	6631636
5050	Chr3	6674397	6676520	AT3G19270	1455	-	6676020
5060	Chr3	6787126	6788424	AT3G19550	927	-	6787924
5061	Chr3	6787351	6787930	AT3G19552	347	+	6786351
5063	Chr3	6802902	6804296	AT3G19580	1394	-	6803796
5081	Chr3	6958508	6961655	AT3G19970	1993	+	6957508
5091	Chr3	7043384	7043841	AT3G20180	357	-	7043341
5117	Chr3	7284680	7286442	AT3G20830	1762	-	7285942
5125	Chr3	7412444	7413727	AT3G21150	1283	-	7413227
5134	Chr3	7507239	7509186	AT3G21330	1814	+	7506239
5141	Chr3	7581958	7582793	AT3G21520	835	+	7580958
5151	Chr3	7674903	7676519	AT3G21780	1616	-	7676019
5155	Chr3	7706747	7708190	AT3G21880	1192	+	7705747
5156	Chr3	7708832	7709933	AT3G21890	1101	-	7709433
5158	Chr3	7782909	7783561	AT3G22090	544	+	7781909
5159	Chr3	7783637	7784469	AT3G22100	832	-	7783969
5162	Chr3	7817778	7818985	AT3G22160	1207	-	7818485
5170	Chr3	7878806	7879810	AT3G22275	834	-	7879310
5174	Chr3	7906520	7908746	AT3G22370	1764	+	7905520
5193	Chr3	8084404	8085669	AT3G22840	1035	-	8085169
5209	Chr3	8254558	8257888	AT3G23150	3150	+	8253558
5211	Chr3	8267919	8268961	AT3G23170	1042	-	8268461
5214	Chr3	8295616	8296604	AT3G23240	988	+	8294616
5215	Chr3	8309208	8310910	AT3G23250	1427	+	8308208
5246	Chr3	8641180	8644449	AT3G23920	2519	+	8640180
5249	Chr3	8668771	8672578	AT3G23990	2275	+	8667771
5254	Chr3	8697684	8701052	AT3G24090	2268	-	8700552
5255	Chr3	8703219	8704311	AT3G24100	629	+	8702219
5266	Chr3	8918266	8919358	AT3G24500	1092	+	8917266
5281	Chr3	9113874	9116188	AT3G25013	969	+	9112874
5282	Chr3	9114545	9114707	AT3G25014	162	-	9114207
5287	Chr3	9146270	9148525	AT3G25110	1659	-	9148025
5288	Chr3	9167137	9169301	AT3G25180	1884	-	9168801
5292	Chr3	9188095	9191630	AT3G25230	2310	+	9187095
5293	Chr3	9195333	9197126	AT3G25250	1675	+	9194333
5302	Chr3	9306775	9307967	AT3G25600	1192	+	9305775
5303	Chr3	9308743	9313599	AT3G25610	4053	-	9313099
5310	Chr3	9406668	9408071	AT3G25770	1300	+	9405668
5311	Chr3	9409159	9411090	AT3G25780	1660	+	9408159
5331	Chr3	9573262	9575215	AT3G26170	1874	-	9574715
5335	Chr3	9638953	9640918	AT3G26300	1800	-	9640418
5342	Chr3	9676773	9683499	AT3G26440	5339	+	9675773
5343	Chr3	9681234	9683506	AT3G26450	1024	-	9683006
5344	Chr3	9683681	9684657	AT3G26460	880	-	9684157
5345	Chr3	9685931	9687642	AT3G26470	1620	+	9684931
5346	Chr3	9707911	9710100	AT3G26500	1855	-	9709600
5347	Chr3	9710325	9712826	AT3G26510	2139	-	9712326
5348	Chr3	9711768	9712264	AT3G26512	321	+	9710768
5365	Chr3	9914958	9918810	AT3G26910	2505	-	9918310
5369	Chr3	9945755	9948084	AT3G26980	1439	-	9947584
5372	Chr3	9969550	9971421	AT3G27025	1391	+	9968550
5377	Chr3	9994480	9996115	AT3G27100	802	-	9995615
5382	Chr3	10045173	10047453	AT3G27210	1220	-	10046953
5418	Chr3	10520442	10521546	AT3G28210	1026	+	10519442
5420	Chr3	10588946	10590685	AT3G28340	1739	-	10590185
5422	Chr3	10620626	10623259	AT3G28370	879	+	10619626
5431	Chr3	10788697	10790553	AT3G28740	1597	-	10790053
5435	Chr3	10848240	10850286	AT3G28850	2046	+	10847240
5436	Chr3	10855622	10856787	AT3G28857	911	-	10856287
5441	Chr3	11005637	11006514	AT3G29000	877	+	11004637
5455	Chr3	11252806	11257814	AT3G29320	3180	+	11251806
5458	Chr3	11382213	11384145	AT3G29575	1386	-	11383645
5462	Chr3	11728023	11730350	AT3G29810	1706	+	11727023
5499	Chr3	15868630	15871256	AT3G44110	1944	-	15870756
5500	Chr3	15901713	15903628	AT3G44190	1620	-	15903128
5503	Chr3	15952007	15953346	AT3G44260	1339	-	15952846
5508	Chr3	16023461	16024510	AT3G44350	695	-	16024010
5510	Chr3	16044678	16049782	AT3G44400	4703	-	16049282
5529	Chr3	16472537	16475782	AT3G45040	2053	-	16475282
5540	Chr3	16756570	16758874	AT3G45640	1858	+	16755570
5543	Chr3	16789779	16790690	AT3G45730	911	+	16788779
5555	Chr3	16922513	16923299	AT3G46080	786	-	16922799
5556	Chr3	16925880	16926883	AT3G46090	1003	-	16926383
5560	Chr3	16979058	16984177	AT3G46220	2737	+	16978058
5561	Chr3	16984117	16984841	AT3G46230	724	-	16984341
5563	Chr3	17092847	17095729	AT3G46450	2241	-	17095229
5568	Chr3	17157923	17159965	AT3G46600	2042	+	17156923
5570	Chr3	17178600	17180559	AT3G46620	1959	-	17180059
5576	Chr3	17200166	17202074	AT3G46700	1833	-	17201574
5585	Chr3	17285564	17288032	AT3G46930	1708	+	17284564
5595	Chr3	17359757	17362240	AT3G47160	1579	-	17361740
5608	Chr3	17520957	17522587	AT3G47540	1321	+	17519957
5609	Chr3	17523415	17525540	AT3G47550	1430	+	17522415
5621	Chr3	17656601	17658353	AT3G47860	1322	-	17657853
5630	Chr3	17750709	17752965	AT3G48070	2115	+	17749709
5638	Chr3	17867130	17868460	AT3G48240	1246	+	17866130
5651	Chr3	17974852	17976774	AT3G48520	1922	-	17976274
5652	Chr3	17987377	17989763	AT3G48530	1627	+	17986377
5653	Chr3	17989797	17992039	AT3G48540	723	-	17991539
5664	Chr3	18114525	18116569	AT3G48850	1474	-	18116069
5672	Chr3	18207650	18210333	AT3G49120	1522	+	18206650
5675	Chr3	18221793	18224905	AT3G49160	2665	-	18224405
5683	Chr3	18288171	18290672	AT3G49320	1317	-	18290172
5688	Chr3	18362442	18364959	AT3G49530	1848	-	18364459
5690	Chr3	18372403	18373147	AT3G49570	744	-	18372647
5691	Chr3	18375232	18375940	AT3G49580	708	-	18375440
5703	Chr3	18465317	18467224	AT3G49780	1642	+	18464317
5704	Chr3	18467958	18469962	AT3G49790	2004	-	18469462
5713	Chr3	18557606	18559326	AT3G50060	1720	-	18558826
5717	Chr3	18614111	18616489	AT3G50210	1485	-	18615989
5720	Chr3	18634545	18635514	AT3G50260	969	+	18633545
5728	Chr3	18741443	18744174	AT3G50500	1720	-	18743674
5734	Chr3	18784659	18786952	AT3G50620	1561	-	18786452
5741	Chr3	18873910	18874836	AT3G50770	926	+	18872910
5742	Chr3	18882111	18883033	AT3G50800	922	-	18882533
5743	Chr3	18888835	18890101	AT3G50810	768	-	18889601
5746	Chr3	18901341	18902152	AT3G50850	811	-	18901652
5750	Chr3	18919326	18922301	AT3G50910	2110	+	18918326
5751	Chr3	18922303	18923772	AT3G50920	1178	-	18923272
5752	Chr3	18929525	18932181	AT3G50930	2656	+	18928525
5771	Chr3	19090946	19092511	AT3G51450	1300	+	19089946
5774	Chr3	19108079	19108917	AT3G51500	696	+	19107079
5775	Chr3	19110595	19112760	AT3G51520	1330	+	19109595
5783	Chr3	19163994	19165322	AT3G51660	819	-	19164822
5796	Chr3	19265140	19266806	AT3G51910	1159	+	19264140
5800	Chr3	19284338	19285582	AT3G51970	1244	+	19283338
5801	Chr3	19285571	19287552	AT3G51980	1438	-	19287052
5819	Chr3	19425631	19427230	AT3G52400	1427	-	19426730
5837	Chr3	19569255	19570710	AT3G52800	1212	+	19568255
5851	Chr3	19723349	19727128	AT3G53230	3153	+	19722349
5863	Chr3	19890420	19892404	AT3G53670	1398	+	19889420
5869	Chr3	19930797	19932892	AT3G53800	1409	+	19929797
5870	Chr3	19940498	19943885	AT3G53830	2088	+	19939498
5877	Chr3	19989291	19991186	AT3G53990	1016	-	19990686
5878	Chr3	19996176	19998736	AT3G54000	2178	+	19995176
5880	Chr3	20005615	20008254	AT3G54020	1634	+	20004615
5886	Chr3	20028051	20030055	AT3G54090	1729	+	20027051
5888	Chr3	20050563	20052931	AT3G54150	1399	-	20052431
5915	Chr3	20363259	20366874	AT3G54960	2046	-	20366374
5940	Chr3	20612692	20615932	AT3G55580	1742	+	20611692
5952	Chr3	20753564	20756690	AT3G55950	3126	-	20756190
5953	Chr3	20766734	20769410	AT3G55970	1473	-	20768910
5954	Chr3	20776264	20778842	AT3G55980	2183	+	20775264
5966	Chr3	20849761	20852104	AT3G56200	1958	+	20848761
5969	Chr3	20866119	20867840	AT3G56250	669	+	20865119
5971	Chr3	20890234	20892002	AT3G56330	1386	+	20889234
5979	Chr3	20964655	20968166	AT3G56590	2374	+	20963655
5986	Chr3	21015370	21018157	AT3G56740	1416	+	21014370
5988	Chr3	21028901	21030754	AT3G56770	1129	-	21030254
5993	Chr3	21059784	21061247	AT3G56880	1463	+	21058784
6014	Chr3	21193679	21195790	AT3G57280	1204	+	21192679
6024	Chr3	21261045	21262763	AT3G57450	1718	+	21260045
6027	Chr3	21296456	21299704	AT3G57530	2411	-	21299204
6028	Chr3	21301396	21303230	AT3G57540	1423	-	21302730
6036	Chr3	21415760	21417948	AT3G57810	1531	+	21414760
6038	Chr3	21430937	21434648	AT3G57880	3053	-	21434148
6062	Chr3	21656483	21660812	AT3G58570	2641	+	21655483
6064	Chr3	21680026	21683280	AT3G58620	2740	+	21679026
6085	Chr3	21836405	21838620	AT3G59080	2215	+	21835405
6093	Chr3	21908538	21910722	AT3G59280	1281	-	21910222
6097	Chr3	21932361	21935228	AT3G59350	2140	+	21931361
6100	Chr3	21964064	21966981	AT3G59430	2063	-	21966481
6105	Chr3	21991825	21993263	AT3G59520	1438	+	21990825
6106	Chr3	21993296	21995331	AT3G59530	1528	+	21992296
6119	Chr3	22097978	22102224	AT3G59820	2807	-	22101724
6127	Chr3	22210025	22213882	AT3G60130	2094	+	22209025
6129	Chr3	22244168	22247976	AT3G60190	2398	-	22247476
6134	Chr3	22273798	22277292	AT3G60260	1527	+	22272798
6147	Chr3	22349307	22350458	AT3G60490	1151	+	22348307
6149	Chr3	22374863	22375909	AT3G60540	624	-	22375409
6155	Chr3	22440197	22441472	AT3G60710	963	+	22439197
6156	Chr3	22441770	22443876	AT3G60720	1372	+	22440770
6171	Chr3	22521445	22523701	AT3G60940	1068	-	22523201
6182	Chr3	22650453	22651636	AT3G61190	1183	-	22651136
6204	Chr3	22805179	22806527	AT3G61630	1348	+	22804179
6205	Chr3	22810040	22811024	AT3G61640	862	-	22810524
6218	Chr3	22925741	22926379	AT3G61900	482	+	22924741
6238	Chr3	23038265	23040668	AT3G62260	1679	-	23040168
6248	Chr3	23150778	23153649	AT3G62600	1603	-	23153149
6263	Chr3	23300289	23301865	AT3G63060	1576	-	23301365
6274	Chr3	23384987	23387842	AT3G63300	1759	+	23383987
6275	Chr3	23387717	23389038	AT3G63310	1096	-	23388538
6277	Chr3	23399235	23400812	AT3G63350	1081	+	23398235
6280	Chr3	23424156	23426536	AT3G63440	2007	+	23423156
6314	Chr4	327024	333477	AT4G00760	3285	-	332977
6315	Chr4	331156	333477	AT4G00770	1788	+	330156
6326	Chr4	402958	404873	AT4G00940	1394	-	404373
6330	Chr4	434216	437591	AT4G01010	2660	-	437091
6335	Chr4	481568	484524	AT4G01120	1626	-	484024
6339	Chr4	522529	524249	AT4G01250	1326	-	523749
6341	Chr4	545795	549413	AT4G01320	1795	+	544795
6342	Chr4	564759	566408	AT4G01360	1484	+	563759
6345	Chr4	591824	592592	AT4G01435	674	-	592092
6349	Chr4	670482	672789	AT4G01540	1582	-	672289
6350	Chr4	673861	676445	AT4G01550	1757	-	675945
6364	Chr4	776413	780355	AT4G01810	3195	-	779855
6366	Chr4	808375	810446	AT4G01870	2071	-	809946
6377	Chr4	874879	876181	AT4G02000	1302	+	873879
6390	Chr4	1046041	1047084	AT4G02380	943	-	1046584
6392	Chr4	1059798	1062159	AT4G02410	2361	-	1061659
6394	Chr4	1067051	1068821	AT4G02425	1426	-	1068321
6395	Chr4	1068973	1072263	AT4G02430	1674	+	1067973
6401	Chr4	1120364	1122223	AT4G02550	1549	-	1121723
6419	Chr4	1274478	1278226	AT4G02880	2184	+	1273478
6420	Chr4	1278576	1280028	AT4G02890	927	-	1279528
6422	Chr4	1292482	1295263	AT4G02920	2183	+	1291482
6425	Chr4	1319602	1321608	AT4G02980	1055	-	1321108
6429	Chr4	1335679	1337565	AT4G03030	1886	-	1337065
6433	Chr4	1385612	1387803	AT4G03120	1230	+	1384612
6442	Chr4	1464466	1466174	AT4G03320	1271	+	1463466
6446	Chr4	1511596	1514072	AT4G03420	2040	+	1510596
6447	Chr4	1516213	1520563	AT4G03430	3973	-	1520063
6456	Chr4	1870421	1872387	AT4G03930	1575	+	1869421
6457	Chr4	1873623	1875660	AT4G03940	1360	+	1872623
6458	Chr4	1931882	1933950	AT4G04020	1639	+	1930882
6463	Chr4	2116552	2118617	AT4G04330	726	-	2118117
6470	Chr4	2259497	2262320	AT4G04540	2244	+	2258497
6489	Chr4	2567182	2568437	AT4G05010	1061	+	2566182
6490	Chr4	2588003	2589437	AT4G05050	1100	-	2588937
6491	Chr4	2593594	2594125	AT4G05070	531	-	2593625
6493	Chr4	2618371	2619947	AT4G05100	1317	+	2617371
6498	Chr4	2718169	2720133	AT4G05320	1432	+	2717169
6501	Chr4	2753545	2754420	AT4G05430	564	+	2752545
6515	Chr4	5187784	5189794	AT4G08230	824	-	5189294
6519	Chr4	5252639	5255200	AT4G08320	1704	+	5251639
6524	Chr4	5448048	5448638	AT4G08555	590	+	5447048
6527	Chr4	5463793	5466747	AT4G08590	1801	-	5466247
6541	Chr4	5783908	5789100	AT4G09020	2746	+	5782908
6544	Chr4	5803787	5806422	AT4G09080	1674	+	5802787
6546	Chr4	5828504	5833725	AT4G09150	3792	+	5827504
6547	Chr4	5898760	5901014	AT4G09300	1131	+	5897760
6570	Chr4	6276947	6278622	AT4G10040	815	+	6275947
6574	Chr4	6309392	6310910	AT4G10110	836	-	6310410
6576	Chr4	6370337	6371372	AT4G10250	1035	+	6369337
6581	Chr4	6406494	6407959	AT4G10330	1272	+	6405494
6602	Chr4	6759097	6760794	AT4G11070	1178	+	6758097
6608	Chr4	6811102	6817339	AT4G11170	3521	+	6810102
6611	Chr4	6837910	6840036	AT4G11220	1539	-	6839536
6613	Chr4	6863978	6866116	AT4G11280	1871	+	6862978
6615	Chr4	6901502	6904426	AT4G11350	2001	+	6900502
6617	Chr4	6985516	6986819	AT4G11521	1303	+	6984516
6619	Chr4	7009768	7011406	AT4G11600	1027	-	7010906
6621	Chr4	7024851	7026224	AT4G11650	1121	-	7025724
6622	Chr4	7038436	7039923	AT4G11655	944	+	7037436
6623	Chr4	7042353	7044708	AT4G11660	2267	+	7041353
6624	Chr4	7044400	7053091	AT4G11670	3513	-	7052591
6626	Chr4	7071671	7075535	AT4G11740	2257	+	7070671
6638	Chr4	7256521	7261180	AT4G12120	2420	-	7260680
6642	Chr4	7338494	7341363	AT4G12400	2246	-	7340863
6643	Chr4	7342799	7343731	AT4G12410	932	-	7343231
6645	Chr4	7410115	7410397	AT4G12495	282	+	7409115
6652	Chr4	7487299	7490127	AT4G12720	1653	+	7486299
6653	Chr4	7493715	7494234	AT4G12735	519	-	7493734
6679	Chr4	7785427	7786161	AT4G13395	734	-	7785661
6717	Chr4	8218082	8219307	AT4G14270	1060	+	8217082
6719	Chr4	8231001	8234281	AT4G14300	2760	+	8230001
6724	Chr4	8271269	8273903	AT4G14365	1739	-	8273403
6725	Chr4	8279640	8283263	AT4G14370	3332	-	8282763
6726	Chr4	8286811	8288952	AT4G14385	1154	-	8288452
6728	Chr4	8301850	8303996	AT4G14420	1055	-	8303496
6729	Chr4	8304441	8305857	AT4G14430	1416	-	8305357
6739	Chr4	8392824	8393860	AT4G14630	944	+	8391824
6740	Chr4	8419569	8421042	AT4G14695	689	+	8418569
6742	Chr4	8507262	8507789	AT4G14819	527	+	8506262
6743	Chr4	8507267	8510113	AT4G14820	2770	-	8509613
6769	Chr4	8719090	8720693	AT4G15280	1603	+	8718090
6770	Chr4	8814735	8816815	AT4G15410	1617	+	8813735
6771	Chr4	8823724	8826131	AT4G15420	1965	+	8822724
6781	Chr4	8908762	8910945	AT4G15610	1285	+	8907762
6783	Chr4	8925570	8926510	AT4G15660	940	+	8924570
6784	Chr4	8929030	8929813	AT4G15670	783	+	8928030
6785	Chr4	8931616	8932317	AT4G15680	701	+	8930616
6786	Chr4	8937357	8938124	AT4G15700	767	+	8936357
6789	Chr4	8979818	8981829	AT4G15780	1065	-	8981329
6796	Chr4	9036168	9038075	AT4G15930	797	+	9035168
6809	Chr4	9142071	9144583	AT4G16146	1008	-	9144083
6823	Chr4	9300720	9302434	AT4G16500	1714	-	9301934
6830	Chr4	9376698	9381507	AT4G16660	3061	+	9375698
6834	Chr4	9411822	9414196	AT4G16745	2040	+	9410822
6838	Chr4	9449113	9450905	AT4G16780	1333	+	9448113
6839	Chr4	9451475	9453300	AT4G16790	1825	-	9452800
6841	Chr4	9467511	9469425	AT4G16820	1914	+	9466511
6857	Chr4	9595336	9598282	AT4G17070	1434	-	9597782
6863	Chr4	9660592	9663809	AT4G17230	2453	-	9663309
6864	Chr4	9670762	9673475	AT4G17250	2713	+	9669762
6876	Chr4	9722353	9724707	AT4G17420	1312	-	9724207
6878	Chr4	9742349	9744867	AT4G17470	1597	-	9744367
6881	Chr4	9752823	9754161	AT4G17490	1338	-	9753661
6882	Chr4	9759202	9760391	AT4G17500	1189	+	9758202
6887	Chr4	9816277	9819312	AT4G17615	1415	+	9815277
6903	Chr4	9991000	9994524	AT4G18010	2559	-	9994024
6911	Chr4	10061213	10062893	AT4G18170	1453	+	10060213
6915	Chr4	10103865	10104837	AT4G18280	972	+	10102865
6920	Chr4	10169443	10169930	AT4G18395	487	+	10168443
6922	Chr4	10190230	10191252	AT4G18450	1022	-	10190752
6935	Chr4	10288797	10291058	AT4G18700	2261	-	10290558
6944	Chr4	10347478	10349902	AT4G18880	2347	-	10349402
6969	Chr4	10598370	10599182	AT4G19430	812	-	10598682
6973	Chr4	10689757	10691962	AT4G19645	1563	-	10691462
6990	Chr4	10838309	10839335	AT4G20000	1026	+	10837309
6991	Chr4	10844401	10846147	AT4G20020	1353	-	10845647
7008	Chr4	11155452	11157806	AT4G20830	1975	+	11154452
7009	Chr4	11155536	11157106	AT4G20835	946	-	11156606
7010	Chr4	11172621	11174467	AT4G20860	1846	+	11171621
7033	Chr4	11339047	11340085	AT4G21310	891	-	11339585
7034	Chr4	11340361	11342075	AT4G21320	1334	+	11339361
7035	Chr4	11341962	11345718	AT4G21323	3029	+	11340962
7039	Chr4	11394294	11397726	AT4G21390	2965	-	11397226
7049	Chr4	11470760	11473037	AT4G21570	1558	-	11472537
7050	Chr4	11475708	11477837	AT4G21580	1414	+	11474708
7052	Chr4	11517352	11519805	AT4G21680	2186	-	11519305
7057	Chr4	11575095	11577254	AT4G21810	1235	-	11576754
7059	Chr4	11584345	11585542	AT4G21830	940	-	11585042
7066	Chr4	11655561	11657034	AT4G21980	825	+	11654561
7080	Chr4	11799851	11803522	AT4G22340	1802	-	11803022
7095	Chr4	11907354	11908357	AT4G22620	1003	+	11906354
7096	Chr4	11917986	11920971	AT4G22670	1875	+	11916986
7100	Chr4	11943848	11945897	AT4G22740	1318	-	11945397
7104	Chr4	11968271	11971203	AT4G22780	2021	-	11970703
7114	Chr4	12023823	12028004	AT4G22950	1132	-	12027504
7117	Chr4	12060130	12062837	AT4G23010	1576	-	12062337
7118	Chr4	12060306	12060582	AT4G23015	276	+	12059306
7120	Chr4	12075456	12078877	AT4G23040	2048	-	12078377
7121	Chr4	12079858	12084362	AT4G23050	3115	+	12078858
7127	Chr4	12140898	12143833	AT4G23190	2425	-	12143333
7128	Chr4	12145034	12148041	AT4G23200	2432	-	12147541
7129	Chr4	12148672	12151638	AT4G23210	2534	-	12151138
7137	Chr4	12256049	12257079	AT4G23493	730	-	12256579
7140	Chr4	12299748	12302935	AT4G23570	1677	+	12298748
7144	Chr4	12336133	12337599	AT4G23680	920	-	12337099
7148	Chr4	12392369	12393982	AT4G23810	1514	-	12393482
7149	Chr4	12419393	12420467	AT4G23885	539	+	12418393
7155	Chr4	12461906	12465675	AT4G24000	2608	+	12460906
7159	Chr4	12519906	12520898	AT4G24110	992	-	12520398
7162	Chr4	12551551	12556058	AT4G24190	3029	-	12555558
7170	Chr4	12589809	12593800	AT4G24280	2804	+	12588809
7173	Chr4	12609372	12611468	AT4G24350	1415	+	12608372
7174	Chr4	12612377	12613719	AT4G24380	1014	+	12611377
7175	Chr4	12613075	12616238	AT4G24390	2675	-	12615738
7176	Chr4	12623529	12624039	AT4G24410	510	-	12623539
7177	Chr4	12625013	12625560	AT4G24413	261	-	12625060
7178	Chr4	12626791	12627606	AT4G24420	572	+	12625791
7185	Chr4	12686458	12687650	AT4G24570	1192	+	12685458
7195	Chr4	12752520	12754129	AT4G24730	1609	-	12753629
7207	Chr4	12819163	12820736	AT4G24920	857	-	12820236
7210	Chr4	12837352	12840230	AT4G24972	1342	+	12836352
7216	Chr4	12898513	12900090	AT4G25130	1157	-	12899590
7218	Chr4	12916925	12918110	AT4G25200	1048	+	12915925
7219	Chr4	12922886	12923337	AT4G25225	451	-	12922837
7225	Chr4	12959348	12962771	AT4G25340	1881	-	12962271
7227	Chr4	12977191	12979721	AT4G25390	2530	+	12976191
7228	Chr4	13001197	13001948	AT4G25433	751	-	13001448
7231	Chr4	13015249	13016235	AT4G25470	986	-	13015735
7232	Chr4	13018009	13019400	AT4G25480	1391	-	13018900
7240	Chr4	13085217	13087090	AT4G25670	1213	-	13086590
7241	Chr4	13090208	13091798	AT4G25690	1590	-	13091298
7245	Chr4	13128393	13129927	AT4G25810	1373	+	13127393
7254	Chr4	13214720	13216586	AT4G26060	1008	-	13216086
7255	Chr4	13219914	13222376	AT4G26080	2169	-	13221876
7256	Chr4	13243722	13244036	AT4G26145	198	+	13242722
7257	Chr4	13275199	13277188	AT4G26200	1693	+	13274199
7260	Chr4	13300777	13304440	AT4G26270	2196	-	13303940
7265	Chr4	13344594	13346597	AT4G26400	1683	-	13346097
7269	Chr4	13382197	13383641	AT4G26500	1444	-	13383141
7276	Chr4	13452116	13454139	AT4G26670	1333	+	13451116
7281	Chr4	13482063	13484943	AT4G26770	1845	+	13481063
7282	Chr4	13484838	13486858	AT4G26780	1509	-	13486358
7289	Chr4	13550891	13554436	AT4G26990	1866	-	13553936
7296	Chr4	13653578	13656285	AT4G27260	2357	+	13652578
7298	Chr4	13663414	13664621	AT4G27280	1207	-	13664121
7301	Chr4	13690644	13692832	AT4G27350	1382	-	13692332
7303	Chr4	13707887	13708861	AT4G27410	891	-	13708361
7305	Chr4	13725545	13727440	AT4G27440	1641	+	13724545
7306	Chr4	13727369	13729002	AT4G27450	1367	-	13728502
7317	Chr4	13809778	13810462	AT4G27652	684	+	13808778
7318	Chr4	13811611	13812126	AT4G27654	515	+	13810611
7319	Chr4	13812988	13813701	AT4G27657	713	+	13811988
7321	Chr4	13818824	13819971	AT4G27670	983	-	13819471
7331	Chr4	13904264	13907405	AT4G27940	2091	+	13903264
7332	Chr4	13909541	13910995	AT4G27950	1454	-	13910495
7333	Chr4	13918164	13920352	AT4G27970	1741	-	13919852
7339	Chr4	13974492	13975919	AT4G28140	1427	-	13975419
7340	Chr4	13977302	13979487	AT4G28150	1772	-	13978987
7350	Chr4	14026576	14028622	AT4G28350	2046	+	14025576
7354	Chr4	14041287	14043347	AT4G28390	1513	-	14042847
7355	Chr4	14048267	14050335	AT4G28400	1300	+	14047267
7359	Chr4	14073007	14075271	AT4G28480	1529	+	14072007
7360	Chr4	14075234	14076011	AT4G28485	584	-	14075511
7363	Chr4	14084623	14086882	AT4G28510	1348	-	14086382
7371	Chr4	14166093	14166957	AT4G28703	754	+	14165093
7372	Chr4	14192568	14194302	AT4G28720	1734	+	14191568
7388	Chr4	14321806	14323336	AT4G29070	1156	+	14320806
7394	Chr4	14444552	14447237	AT4G29330	1470	+	14443552
7395	Chr4	14447337	14448698	AT4G29340	1016	+	14446337
7400	Chr4	14493910	14495789	AT4G29520	1198	-	14495289
7404	Chr4	14535406	14537356	AT4G29670	1321	-	14536856
7410	Chr4	14575831	14577643	AT4G29770	1134	+	14574831
7411	Chr4	14579562	14582057	AT4G29780	2495	+	14578562
7416	Chr4	14626920	14627631	AT4G29905	711	-	14627131
7418	Chr4	14643997	14647637	AT4G29930	1063	+	14642997
7420	Chr4	14660566	14662426	AT4G29960	1214	-	14661926
7431	Chr4	14806250	14807425	AT4G30230	1175	+	14805250
7432	Chr4	14807888	14810075	AT4G30240	1617	-	14809575
7435	Chr4	14825756	14827211	AT4G30280	1263	-	14826711
7437	Chr4	14847582	14851248	AT4G30350	3498	+	14846582
7439	Chr4	14862008	14863185	AT4G30390	782	-	14862685
7441	Chr4	14888930	14889855	AT4G30460	925	-	14889355
7442	Chr4	14899033	14902144	AT4G30490	1947	-	14901644
7443	Chr4	14903350	14905008	AT4G30500	973	+	14902350
7485	Chr4	15217256	15217884	AT4G31351	628	+	15216256
7486	Chr4	15218068	15219345	AT4G31354	547	+	15217068
7487	Chr4	15219430	15220309	AT4G31355	879	-	15219809
7490	Chr4	15239900	15241567	AT4G31405	412	-	15241067
7514	Chr4	15558504	15559650	AT4G32208	710	-	15559150
7517	Chr4	15583331	15584898	AT4G32280	1173	+	15582331
7529	Chr4	15676239	15677977	AT4G32480	1313	+	15675239
7531	Chr4	15728083	15730433	AT4G32610	1776	-	15729933
7563	Chr4	16091534	16094965	AT4G33440	2146	+	16090534
7564	Chr4	16100708	16101341	AT4G33465	456	+	16099708
7565	Chr4	16101463	16102196	AT4G33467	648	-	16101696
7576	Chr4	16167256	16168711	AT4G33660	1333	-	16168211
7579	Chr4	16253751	16255760	AT4G33905	1267	-	16255260
7580	Chr4	16256693	16258974	AT4G33910	1476	-	16258474
7581	Chr4	16260507	16263054	AT4G33920	1862	+	16259507
7583	Chr4	16266018	16267884	AT4G33940	1127	+	16265018
7586	Chr4	16288111	16288971	AT4G33985	768	-	16288471
7594	Chr4	16354856	16357460	AT4G34150	1427	+	16353856
7599	Chr4	16386630	16388940	AT4G34230	1615	-	16388440
7608	Chr4	16434301	16437389	AT4G34370	2391	+	16433301
7609	Chr4	16445140	16447773	AT4G34400	1437	+	16444140
7610	Chr4	16451875	16453260	AT4G34410	1385	+	16450875
7611	Chr4	16452959	16454633	AT4G34412	776	-	16454133
7615	Chr4	16491691	16493762	AT4G34510	2071	+	16490691
7619	Chr4	16536660	16537964	AT4G34630	1304	-	16537464
7623	Chr4	16553144	16554872	AT4G34680	1412	+	16552144
7639	Chr4	16708360	16710407	AT4G35100	1603	+	16707360
7682	Chr4	17031944	17034244	AT4G35985	2052	-	17033744
7684	Chr4	17039138	17041326	AT4G36010	1589	-	17040826
7687	Chr4	17049151	17050608	AT4G36040	1457	-	17050108
7703	Chr4	17225792	17226833	AT4G36500	1041	-	17226333
7713	Chr4	17349361	17350627	AT4G36830	1266	+	17348361
7715	Chr4	17358342	17362129	AT4G36860	2373	-	17361629
7718	Chr4	17388648	17389862	AT4G36900	1214	+	17387648
7721	Chr4	17422537	17423953	AT4G36950	1416	-	17423453
7723	Chr4	17440176	17442151	AT4G36990	1783	+	17439176
7733	Chr4	17540489	17541799	AT4G37260	1310	+	17539489
7737	Chr4	17569739	17571743	AT4G37370	1790	-	17571243
7739	Chr4	17579617	17582022	AT4G37390	2170	+	17578617
7751	Chr4	17670480	17672353	AT4G37610	1438	-	17671853
7758	Chr4	17752078	17754157	AT4G37770	1785	+	17751078
7763	Chr4	17821573	17824748	AT4G37900	2712	-	17824248
7767	Chr4	17861434	17863098	AT4G38020	1280	+	17860434
7768	Chr4	17863072	17866730	AT4G38030	2137	-	17866230
7771	Chr4	17873000	17875201	AT4G38060	2201	-	17874701
7797	Chr4	18029195	18031333	AT4G38560	1787	+	18028195
7798	Chr4	18031278	18033584	AT4G38570	1130	-	18033084
7799	Chr4	18034130	18035889	AT4G38580	991	+	18033130
7818	Chr4	18152691	18154132	AT4G38940	1441	+	18151691
7821	Chr4	18215541	18217616	AT4G39090	1681	-	18217116
7828	Chr4	18268030	18269212	AT4G39235	562	+	18267030
7839	Chr4	18370864	18374239	AT4G39520	1813	-	18373739
7842	Chr4	18385683	18386811	AT4G39580	1128	-	18386311
7845	Chr4	18399922	18403037	AT4G39640	2075	+	18398922
7846	Chr4	18409845	18411069	AT4G39670	1224	+	18408845
7847	Chr4	18413774	18414240	AT4G39675	466	+	18412774
7856	Chr4	18478889	18481343	AT4G39830	2121	+	18477889
7861	Chr4	18505918	18507703	AT4G39890	1082	+	18504918
7875	Chr5	34537	37999	AT5G01100	2473	-	37499
7879	Chr5	61016	63936	AT5G01180	2143	-	63436
7890	Chr5	145386	147356	AT5G01350	952	-	146856
7892	Chr5	155609	157601	AT5G01380	1296	-	157101
7899	Chr5	210978	213472	AT5G01540	2494	-	212972
7900	Chr5	214372	216773	AT5G01550	2401	-	216273
7912	Chr5	280673	281532	AT5G01740	859	+	279673
7925	Chr5	375207	377603	AT5G01980	2270	+	374207
7926	Chr5	377230	379911	AT5G01990	1749	-	379411
7927	Chr5	385877	388231	AT5G02020	1349	-	387731
7936	Chr5	427641	430695	AT5G02170	2021	+	426641
7945	Chr5	526432	529982	AT5G02430	3020	+	525432
7948	Chr5	550034	552827	AT5G02490	2485	-	552327
7949	Chr5	553744	556623	AT5G02500	2555	-	556123
7951	Chr5	568424	570973	AT5G02540	1433	+	567424
7963	Chr5	637680	642026	AT5G02810	3096	-	641526
7974	Chr5	750100	752805	AT5G03160	1768	+	749100
7977	Chr5	760318	761840	AT5G03200	1318	-	761340
7978	Chr5	762043	762507	AT5G03204	464	-	762007
7979	Chr5	762786	763322	AT5G03210	536	-	762822
7980	Chr5	771659	773513	AT5G03240	1479	-	773013
7984	Chr5	793973	796218	AT5G03290	1473	+	792973
7986	Chr5	806963	810401	AT5G03330	2159	+	805963
7987	Chr5	809829	813293	AT5G03340	2854	-	812793
7989	Chr5	832034	834549	AT5G03380	1792	-	834049
7992	Chr5	856814	858444	AT5G03440	815	-	857944
7994	Chr5	864260	865794	AT5G03460	685	+	863260
7998	Chr5	900314	902770	AT5G03560	1135	-	902270
8000	Chr5	922047	924728	AT5G03630	1750	-	924228
8003	Chr5	971141	974326	AT5G03720	2210	-	973826
8004	Chr5	981858	984289	AT5G03740	1348	+	980858
8010	Chr5	1046980	1047955	AT5G03890	975	+	1045980
8013	Chr5	1075670	1077549	AT5G03990	1386	+	1074670
8014	Chr5	1077482	1078304	AT5G03995	455	-	1077804
8022	Chr5	1145430	1147781	AT5G04170	1475	+	1144430
8023	Chr5	1147647	1149284	AT5G04180	1140	-	1148784
8034	Chr5	1216057	1217362	AT5G04340	1305	-	1216862
8036	Chr5	1243683	1246684	AT5G04410	2268	+	1242683
8046	Chr5	1325587	1326928	AT5G04610	1341	-	1326428
8051	Chr5	1360588	1363907	AT5G04720	2837	+	1359588
8052	Chr5	1372133	1373619	AT5G04750	611	+	1371133
8053	Chr5	1373529	1374787	AT5G04760	1128	-	1374287
8058	Chr5	1402044	1403845	AT5G04830	960	-	1403345
8059	Chr5	1405180	1407962	AT5G04840	1572	+	1404180
8069	Chr5	1550250	1551022	AT5G05220	772	+	1549250
8072	Chr5	1569854	1570609	AT5G05300	755	-	1570109
8074	Chr5	1574861	1576731	AT5G05320	1504	-	1576231
8081	Chr5	1602204	1604112	AT5G05410	1651	+	1601204
8084	Chr5	1622171	1624270	AT5G05480	2099	-	1623770
8085	Chr5	1624205	1629234	AT5G05490	2093	+	1623205
8091	Chr5	1672069	1674770	AT5G05600	1480	+	1671069
8123	Chr5	1928342	1930951	AT5G06310	1646	+	1927342
8124	Chr5	1930792	1931768	AT5G06320	976	-	1931268
8137	Chr5	2086265	2088574	AT5G06750	1648	-	2088074
8147	Chr5	2174667	2176446	AT5G07010	1779	-	2175946
8161	Chr5	2315946	2316874	AT5G07330	848	+	2314946
8162	Chr5	2317125	2319843	AT5G07340	2158	+	2316125
8173	Chr5	2474540	2479439	AT5G07770	2861	+	2473540
8174	Chr5	2479513	2482850	AT5G07780	1800	+	2478513
8201	Chr5	2694668	2697781	AT5G08380	1580	-	2697281
8220	Chr5	2858848	2860558	AT5G08790	1530	-	2860058
8227	Chr5	2938192	2939715	AT5G09440	1523	+	2937192
8230	Chr5	2975435	2978750	AT5G09590	2576	+	2974435
8235	Chr5	3042903	3044546	AT5G09800	1643	-	3044046
8254	Chr5	3267634	3268813	AT5G10380	1179	+	3266634
8266	Chr5	3332994	3334913	AT5G10550	1746	-	3334413
8272	Chr5	3377662	3378221	AT5G10695	559	+	3376662
8273	Chr5	3378052	3378867	AT5G10700	603	-	3378367
8285	Chr5	3430496	3432468	AT5G10870	1096	-	3431968
8286	Chr5	3433954	3435182	AT5G10890	1078	-	3434682
8298	Chr5	3524676	3525846	AT5G11090	1170	+	3523676
8299	Chr5	3532401	3535221	AT5G11100	1709	+	3531401
8300	Chr5	3536188	3541149	AT5G11110	3629	+	3535188
8313	Chr5	3619151	3621511	AT5G11340	1012	+	3618151
8326	Chr5	3744697	3747198	AT5G11650	1926	+	3743697
8327	Chr5	3758808	3760913	AT5G11680	1150	+	3757808
8343	Chr5	3882230	3883111	AT5G12020	881	-	3882611
8344	Chr5	3883956	3884838	AT5G12030	882	-	3884338
8345	Chr5	3884948	3888077	AT5G12040	1628	+	3883948
8346	Chr5	3889905	3891514	AT5G12050	1609	+	3888905
8349	Chr5	3914467	3916896	AT5G12110	1866	+	3913467
8350	Chr5	3915675	3918933	AT5G12120	2800	-	3918433
8369	Chr5	4050779	4053621	AT5G12840	1445	-	4053121
8377	Chr5	4149737	4151201	AT5G13080	810	-	4150701
8379	Chr5	4156500	4158554	AT5G13100	1672	+	4155500
8382	Chr5	4172733	4175362	AT5G13150	2629	-	4174862
8384	Chr5	4204084	4206475	AT5G13190	1577	-	4205975
8385	Chr5	4206783	4208289	AT5G13200	1326	+	4205783
8386	Chr5	4213954	4216908	AT5G13210	2954	+	4212954
8387	Chr5	4218785	4221077	AT5G13220	1384	+	4217785
8394	Chr5	4267455	4271064	AT5G13320	2043	+	4266455
8420	Chr5	4460839	4464737	AT5G13820	2673	+	4459839
8425	Chr5	4485625	4487526	AT5G13920	1646	-	4487026
8429	Chr5	4523420	4526167	AT5G14020	1724	-	4525667
8441	Chr5	4619726	4620551	AT5G14330	607	-	4620051
8479	Chr5	4950410	4952777	AT5G15250	2067	-	4952277
8480	Chr5	4953400	4955027	AT5G15260	1518	-	4954527
8483	Chr5	4984918	4986377	AT5G15350	1007	-	4985877
8485	Chr5	5012060	5014281	AT5G15440	1407	+	5011060
8486	Chr5	5014211	5018347	AT5G15450	3186	-	5017847
8492	Chr5	5040956	5045549	AT5G15537	1928	-	5045049
8506	Chr5	5178156	5181761	AT5G15860	2301	-	5181261
8507	Chr5	5182366	5184948	AT5G15870	2582	-	5184448
8509	Chr5	5209716	5210826	AT5G15960	829	+	5208716
8510	Chr5	5211718	5212743	AT5G15970	750	+	5210718
8515	Chr5	5260521	5262840	AT5G16110	1556	-	5262340
8522	Chr5	5289400	5290506	AT5G16200	1106	-	5290006
8531	Chr5	5359306	5360710	AT5G16380	1108	-	5360210
8535	Chr5	5381068	5382939	AT5G16480	1201	-	5382439
8540	Chr5	5438164	5440433	AT5G16600	1329	+	5437164
8555	Chr5	5555056	5559940	AT5G16900	2919	+	5554056
8567	Chr5	5690225	5692992	AT5G17300	1930	-	5692492
8568	Chr5	5692699	5692924	AT5G17305	225	+	5691699
8569	Chr5	5696646	5699927	AT5G17310	1737	-	5699427
8570	Chr5	5710909	5715075	AT5G17330	1976	+	5709909
8571	Chr5	5718497	5719608	AT5G17350	1111	+	5717497
8575	Chr5	5757072	5759817	AT5G17460	2298	-	5759317
8576	Chr5	5763988	5766246	AT5G17490	2258	-	5765746
8594	Chr5	5898851	5901157	AT5G17850	2086	+	5897851
8602	Chr5	5962772	5963405	AT5G18010	633	-	5962905
8603	Chr5	5972378	5974227	AT5G18040	1187	+	5971378
8604	Chr5	5974340	5975087	AT5G18050	747	-	5974587
8605	Chr5	5975779	5976589	AT5G18060	810	+	5974779
8606	Chr5	5978545	5980572	AT5G18065	1274	+	5977545
8608	Chr5	5999805	6000554	AT5G18150	662	-	6000054
8613	Chr5	6070345	6072334	AT5G18340	1801	-	6071834
8616	Chr5	6092681	6094987	AT5G18400	1294	-	6094487
8618	Chr5	6105282	6109501	AT5G18420	1845	-	6109001
8620	Chr5	6127796	6129285	AT5G18470	1489	+	6126796
8621	Chr5	6131129	6133982	AT5G18480	1986	-	6133482
8622	Chr5	6134113	6136807	AT5G18490	2076	-	6136307
8655	Chr5	6467526	6468848	AT5G19230	1190	+	6466526
8668	Chr5	6571471	6573577	AT5G19480	1225	+	6570471
8688	Chr5	6692908	6694058	AT5G19810	1150	+	6691908
8695	Chr5	6718205	6719303	AT5G19875	1098	+	6717205
8696	Chr5	6720383	6722477	AT5G19880	1250	-	6721977
8701	Chr5	6762568	6764683	AT5G20020	1216	+	6761568
8710	Chr5	6826364	6827748	AT5G20230	1192	+	6825364
8729	Chr5	7014661	7016481	AT5G20720	982	+	7013661
8731	Chr5	7046746	7047446	AT5G20820	700	-	7046946
8755	Chr5	7249013	7250770	AT5G21940	1644	-	7250270
8760	Chr5	7301334	7303418	AT5G22050	1221	+	7300334
8761	Chr5	7303505	7305870	AT5G22060	1754	-	7305370
8771	Chr5	7365476	7366799	AT5G22250	1323	-	7366299
8772	Chr5	7372108	7373259	AT5G22270	927	-	7372759
8776	Chr5	7408758	7410102	AT5G22380	937	-	7409602
8778	Chr5	7426309	7427964	AT5G22410	1275	+	7425309
8782	Chr5	7480412	7481206	AT5G22530	794	+	7479412
8783	Chr5	7481396	7482953	AT5G22540	1557	-	7482453
8789	Chr5	7541071	7545256	AT5G22690	3692	+	7540071
8811	Chr5	7826731	7828724	AT5G23240	1713	-	7828224
8816	Chr5	7858544	7859201	AT5G23350	657	-	7858701
8817	Chr5	7866741	7870384	AT5G23380	1192	+	7865741
8824	Chr5	7916313	7919278	AT5G23480	1835	+	7915313
8831	Chr5	7971646	7973995	AT5G23660	1346	-	7973495
8841	Chr5	8153114	8154710	AT5G24110	1290	-	8154210
8862	Chr5	8356203	8358546	AT5G24470	1677	-	8358046
8865	Chr5	8416374	8419076	AT5G24590	2254	-	8418576
8875	Chr5	8500467	8502224	AT5G24770	1423	-	8501724
8890	Chr5	8668231	8670237	AT5G25130	1759	+	8667231
8891	Chr5	8672315	8674749	AT5G25140	1915	+	8671315
8896	Chr5	8749679	8751636	AT5G25250	1713	+	8748679
8897	Chr5	8773733	8776265	AT5G25280	2532	+	8772733
8898	Chr5	8793017	8794784	AT5G25340	1326	+	8792017
8899	Chr5	8794251	8797349	AT5G25350	2929	-	8796849
8902	Chr5	8854506	8856758	AT5G25440	1446	-	8856258
8903	Chr5	8856916	8858476	AT5G25450	1115	+	8855916
8923	Chr5	9050659	9054143	AT5G25930	3403	+	9049659
8930	Chr5	9096450	9099178	AT5G26030	2051	+	9095450
8940	Chr5	9243397	9247540	AT5G26340	2580	-	9247040
8955	Chr5	9475678	9478777	AT5G26920	2202	+	9474678
8972	Chr5	9683987	9685742	AT5G27420	1755	+	9682987
8973	Chr5	9687338	9690355	AT5G27430	1805	+	9686338
8975	Chr5	9693174	9694844	AT5G27460	1592	-	9694344
8977	Chr5	9714347	9716418	AT5G27520	1456	-	9715918
8985	Chr5	9789898	9792136	AT5G27660	1275	-	9791636
9000	Chr5	10207286	10213598	AT5G28237	1644	-	10213098
9008	Chr5	10540122	10543558	AT5G28540	2836	-	10543058
9011	Chr5	10930568	10933188	AT5G28910	2193	-	10932688
9020	Chr5	13354155	13356884	AT5G35080	1404	-	13356384
9025	Chr5	13521745	13523506	AT5G35320	1187	+	13520745
9031	Chr5	13672462	13675476	AT5G35460	1819	+	13671462
9039	Chr5	13900694	13903218	AT5G35735	1717	-	13902718
9053	Chr5	14302661	14305182	AT5G36290	1307	+	14301661
9062	Chr5	14751343	14753088	AT5G37260	980	-	14752588
9064	Chr5	14787266	14792818	AT5G37340	1836	-	14792318
9065	Chr5	14792818	14796045	AT5G37350	2031	+	14791818
9066	Chr5	14834342	14836346	AT5G37400	2004	+	14833342
9067	Chr5	14844333	14845685	AT5G37440	1352	-	14845185
9070	Chr5	14889691	14895233	AT5G37500	2879	-	14894733
9073	Chr5	14912658	14914449	AT5G37540	1791	+	14911658
9075	Chr5	14933285	14935885	AT5G37600	1588	-	14935385
9078	Chr5	14968757	14969591	AT5G37670	834	+	14967757
9079	Chr5	14978565	14981620	AT5G37710	2133	+	14977565
9080	Chr5	14979022	14979445	AT5G37715	105	-	14978945
9081	Chr5	14991879	14993781	AT5G37740	1125	+	14990879
9082	Chr5	14997513	14999619	AT5G37770	1737	-	14999119
9083	Chr5	15004465	15006267	AT5G37780	903	-	15005767
9113	Chr5	15571470	15573526	AT5G38895	1190	+	15570470
9131	Chr5	15858397	15859911	AT5G39610	1312	-	15859411
9132	Chr5	15883178	15884067	AT5G39670	889	+	15882178
9134	Chr5	15932567	15935261	AT5G39790	1278	-	15934761
9159	Chr5	16202141	16203358	AT5G40460	1217	+	16201141
9165	Chr5	16253468	16256829	AT5G40600	2480	-	16256329
9176	Chr5	16314849	16317291	AT5G40770	2161	-	16316791
9177	Chr5	16330040	16331276	AT5G40790	1236	-	16330776
9189	Chr5	16447184	16450909	AT5G41100	2304	+	16446184
9199	Chr5	16617231	16620824	AT5G41550	3297	-	16620324
9200	Chr5	16621196	16622757	AT5G41560	674	-	16622257
9202	Chr5	16638345	16641933	AT5G41610	3066	-	16641433
9206	Chr5	16688625	16693119	AT5G41740	3644	+	16687625
9207	Chr5	16693831	16698943	AT5G41750	4217	+	16692831
9209	Chr5	16711041	16712069	AT5G41761	1028	+	16710041
9219	Chr5	16794966	16798006	AT5G41990	2254	-	16797506
9221	Chr5	16807341	16810693	AT5G42020	2575	-	16810193
9222	Chr5	16815309	16817346	AT5G42050	1784	+	16814309
9227	Chr5	16844335	16845015	AT5G42146	680	+	16843335
9228	Chr5	16846149	16848568	AT5G42150	1704	+	16845149
9232	Chr5	16872043	16877732	AT5G42220	3373	+	16871043
9239	Chr5	16942446	16943820	AT5G42380	1374	-	16943320
9244	Chr5	16982148	16984933	AT5G42470	1560	+	16981148
9280	Chr5	17376618	17379282	AT5G43300	1652	-	17378782
9283	Chr5	17451487	17453124	AT5G43420	1637	+	17450487
9284	Chr5	17455232	17456657	AT5G43440	1270	-	17456157
9289	Chr5	17522485	17524003	AT5G43620	1518	+	17521485
9298	Chr5	17627131	17629363	AT5G43850	1037	-	17628863
9303	Chr5	17686499	17688668	AT5G43950	1953	-	17688168
9308	Chr5	17704842	17705793	AT5G44005	951	-	17705293
9316	Chr5	17806396	17807541	AT5G44210	1145	+	17805396
9320	Chr5	17829617	17831336	AT5G44260	1719	-	17830836
9352	Chr5	18244170	18246450	AT5G45130	1317	+	18243170
9360	Chr5	18368531	18371021	AT5G45340	1949	-	18370521
9371	Chr5	18505535	18506382	AT5G45630	847	-	18505882
9375	Chr5	18559059	18560945	AT5G45750	1215	+	18558059
9378	Chr5	18566797	18569906	AT5G45780	2274	-	18569406
9388	Chr5	18689360	18690857	AT5G46080	1497	-	18690357
9392	Chr5	18714863	18717031	AT5G46170	1870	-	18716531
9400	Chr5	18825099	18829403	AT5G46410	2736	+	18824099
9411	Chr5	18950842	18953127	AT5G46700	1690	+	18949842
9412	Chr5	18952602	18954692	AT5G46710	1125	-	18954192
9415	Chr5	18978952	18980183	AT5G46780	1231	+	18977952
9419	Chr5	19012020	19014110	AT5G46860	1443	-	19013610
9422	Chr5	19046338	19051379	AT5G46910	3412	+	19045338
9427	Chr5	19116718	19118116	AT5G47060	1135	+	19115718
9428	Chr5	19118464	19121103	AT5G47070	2026	-	19120603
9432	Chr5	19135951	19138025	AT5G47120	1303	+	19134951
9434	Chr5	19155975	19158249	AT5G47160	1676	+	19154975
9436	Chr5	19171642	19172956	AT5G47220	1314	-	19172456
9437	Chr5	19179880	19181182	AT5G47230	1302	+	19178880
9438	Chr5	19183570	19185644	AT5G47240	1522	+	19182570
9443	Chr5	19232783	19235066	AT5G47420	1306	+	19231783
9452	Chr5	19301129	19302117	AT5G47610	988	-	19301617
9465	Chr5	19372820	19374693	AT5G47830	1107	-	19374193
9466	Chr5	19378668	19381190	AT5G47850	2522	-	19380690
9469	Chr5	19403170	19404147	AT5G47920	977	-	19403647
9472	Chr5	19465787	19469939	AT5G48030	2067	-	19469439
9478	Chr5	19561318	19563832	AT5G48250	1814	-	19563332
9482	Chr5	19604088	19607147	AT5G48380	2844	-	19606647
9484	Chr5	19641743	19644362	AT5G48470	1495	+	19640743
9485	Chr5	19644538	19646840	AT5G48480	1958	+	19643538
9488	Chr5	19690460	19693845	AT5G48570	2211	-	19693345
9494	Chr5	19731149	19733043	AT5G48655	1132	-	19732543
9525	Chr5	20023441	20030387	AT5G49390	3080	+	20022441
9530	Chr5	20090647	20093346	AT5G49520	1921	+	20089647
9533	Chr5	20110831	20111806	AT5G49560	975	-	20111306
9540	Chr5	20176079	20188567	AT5G49680	8329	+	20175079
9541	Chr5	20192158	20193800	AT5G49700	1642	+	20191158
9547	Chr5	20296517	20302490	AT5G49900	3445	-	20301990
9548	Chr5	20303333	20306469	AT5G49910	2467	+	20302333
9549	Chr5	20306408	20307943	AT5G49920	1455	-	20307443
9566	Chr5	20505088	20506354	AT5G50360	1266	-	20505854
9573	Chr5	20551131	20552670	AT5G50460	909	-	20552170
9575	Chr5	20650268	20655212	AT5G50780	2724	+	20649268
9585	Chr5	20753039	20756137	AT5G51050	2228	+	20752039
9588	Chr5	20777573	20778118	AT5G51105	545	+	20776573
9591	Chr5	20796949	20801479	AT5G51180	3034	+	20795949
9592	Chr5	20800472	20801437	AT5G51190	965	-	20800937
9599	Chr5	20872718	20874349	AT5G51370	1631	+	20871718
9601	Chr5	20886744	20891007	AT5G51430	3022	-	20890507
9602	Chr5	20891162	20892416	AT5G51440	1115	+	20890162
9610	Chr5	20949290	20951512	AT5G51570	1377	+	20948290
9612	Chr5	20969182	20975940	AT5G51630	5850	+	20968182
9620	Chr5	21017021	21019221	AT5G51740	1651	+	21016021
9629	Chr5	21097075	21098959	AT5G51920	1884	-	21098459
9634	Chr5	21138702	21140876	AT5G52050	2174	+	21137702
9647	Chr5	21263896	21265460	AT5G52390	1259	-	21264960
9656	Chr5	21334792	21337126	AT5G52570	1269	-	21336626
9657	Chr5	21343101	21344106	AT5G52600	839	-	21343606
9658	Chr5	21350374	21352333	AT5G52630	1959	+	21349374
9659	Chr5	21352556	21355147	AT5G52640	2103	+	21351556
9661	Chr5	21384016	21385015	AT5G52750	757	+	21383016
9662	Chr5	21386726	21387714	AT5G52760	747	+	21385726
9681	Chr5	21534549	21537816	AT5G53120	1521	+	21533549
9689	Chr5	21661443	21663843	AT5G53400	1519	+	21660443
9702	Chr5	21798155	21799420	AT5G53680	1047	+	21797155
9706	Chr5	21856947	21858102	AT5G53830	1155	+	21855947
9709	Chr5	21869773	21871391	AT5G53870	1535	-	21870891
9719	Chr5	21984568	21984964	AT5G54165	396	+	21983568
9720	Chr5	21984877	21987489	AT5G54170	1978	-	21986989
9722	Chr5	21990863	21992814	AT5G54190	1578	-	21992314
9727	Chr5	22053968	22055443	AT5G54300	1383	-	22054943
9731	Chr5	22114303	22115539	AT5G54470	1152	-	22115039
9732	Chr5	22121101	22122122	AT5G54490	1021	+	22120101
9748	Chr5	22284424	22287206	AT5G54860	1953	+	22283424
9752	Chr5	22308270	22309408	AT5G54940	658	-	22308908
9753	Chr5	22310552	22312832	AT5G54960	2280	-	22312332
9757	Chr5	22337625	22340389	AT5G55050	1898	+	22336625
9761	Chr5	22388520	22390763	AT5G55180	1909	+	22387520
9778	Chr5	22594654	22596843	AT5G55830	2189	+	22593654
9781	Chr5	22667219	22669631	AT5G55970	2150	+	22666219
9783	Chr5	22677337	22680152	AT5G56000	2449	-	22679652
9784	Chr5	22681237	22684252	AT5G56010	2613	+	22680237
9786	Chr5	22686472	22689671	AT5G56030	2788	+	22685472
9788	Chr5	22700918	22702200	AT5G56050	1282	-	22701700
9801	Chr5	22871462	22873501	AT5G56490	1859	+	22870462
9802	Chr5	22873667	22877407	AT5G56500	2452	+	22872667
9805	Chr5	22909881	22910710	AT5G56600	396	-	22910210
9806	Chr5	22923803	22926963	AT5G56630	2200	+	22922803
9813	Chr5	22957628	22960916	AT5G56750	1708	+	22956628
9820	Chr5	23038388	23041174	AT5G56960	1715	-	23040674
9821	Chr5	23056079	23057742	AT5G56980	1663	-	23057242
9822	Chr5	23056475	23056904	AT5G56985	429	+	23055475
9825	Chr5	23067827	23070431	AT5G57010	2011	+	23066827
9830	Chr5	23087121	23089628	AT5G57050	2195	+	23086121
9834	Chr5	23106297	23108883	AT5G57100	1881	-	23108383
9838	Chr5	23152318	23155066	AT5G57150	980	+	23151318
9842	Chr5	23187839	23189902	AT5G57220	1768	+	23186839
9852	Chr5	23279138	23281271	AT5G57480	2133	-	23280771
9853	Chr5	23286196	23287739	AT5G57500	1380	-	23287239
9854	Chr5	23307005	23308680	AT5G57560	1590	-	23308180
9865	Chr5	23451080	23452963	AT5G57910	1302	-	23452463
9873	Chr5	23498138	23500384	AT5G58060	994	+	23497138
9874	Chr5	23500060	23501416	AT5G58070	1272	-	23500916
9877	Chr5	23515149	23516751	AT5G58110	988	+	23514149
9878	Chr5	23517255	23521067	AT5G58120	3517	+	23516255
9881	Chr5	23533374	23539741	AT5G58160	4426	+	23532374
9897	Chr5	23621151	23623543	AT5G58430	2392	-	23623043
9908	Chr5	23680062	23681935	AT5G58590	1137	-	23681435
9909	Chr5	23693258	23696222	AT5G58620	2580	+	23692258
9914	Chr5	23717774	23719778	AT5G58710	963	+	23716774
9916	Chr5	23734272	23735767	AT5G58770	1328	+	23733272
9917	Chr5	23735619	23737335	AT5G58780	1095	-	23736835
9918	Chr5	23742362	23744646	AT5G58787	1421	+	23741362
9934	Chr5	23894403	23896939	AT5G59220	1952	-	23896439
9942	Chr5	23961566	23964874	AT5G59420	1789	+	23960566
9943	Chr5	23974667	23976791	AT5G59450	2124	+	23973667
9945	Chr5	23979389	23981590	AT5G59480	1264	-	23981090
9948	Chr5	23998163	23999837	AT5G59550	1674	-	23999337
9949	Chr5	24003887	24006107	AT5G59570	2046	+	24002887
9954	Chr5	24062322	24063300	AT5G59720	978	+	24061322
9960	Chr5	24102813	24103794	AT5G59820	981	+	24101813
9961	Chr5	24105040	24107241	AT5G59830	1689	+	24104040
9975	Chr5	24207688	24211729	AT5G60120	2217	+	24206688
9976	Chr5	24211841	24213386	AT5G60130	1284	-	24212886
9995	Chr5	24363590	24365615	AT5G60610	1528	+	24362590
10005	Chr5	24460718	24462595	AT5G60800	1380	-	24462095
10007	Chr5	24480290	24482163	AT5G60850	1873	+	24479290
10012	Chr5	24526846	24528151	AT5G60950	1071	-	24527651
10022	Chr5	24615316	24620053	AT5G61190	3318	+	24614316
10037	Chr5	24736870	24739002	AT5G61510	1461	-	24738502
10038	Chr5	24741975	24744823	AT5G61530	1680	+	24740975
10041	Chr5	24766343	24767732	AT5G61600	1389	-	24767232
10048	Chr5	24827062	24829900	AT5G61790	2182	-	24829400
10051	Chr5	24855660	24859341	AT5G61900	2071	-	24858841
10052	Chr5	24860656	24864168	AT5G61910	2765	-	24863668
10059	Chr5	24915806	24917643	AT5G62020	1754	+	24914806
10061	Chr5	24934962	24939169	AT5G62090	3338	-	24938669
10066	Chr5	24984047	24985895	AT5G62200	1209	-	24985395
10070	Chr5	25016859	25018265	AT5G62280	1296	+	25015859
10072	Chr5	25040539	25041504	AT5G62360	965	+	25039539
10075	Chr5	25069092	25071111	AT5G62430	1426	-	25070611
10077	Chr5	25078990	25080858	AT5G62470	1499	-	25080358
10081	Chr5	25113947	25117314	AT5G62570	2291	+	25112947
10085	Chr5	25136701	25140024	AT5G62620	2740	+	25135701
10091	Chr5	25191401	25195071	AT5G62720	1525	+	25190401
10092	Chr5	25197460	25200386	AT5G62730	2156	+	25196460
10099	Chr5	25250255	25252354	AT5G62910	1661	+	25249255
10112	Chr5	25322974	25324739	AT5G63130	1587	+	25321974
10116	Chr5	25333171	25335570	AT5G63160	1582	-	25335070
10118	Chr5	25356132	25356767	AT5G63225	635	-	25356267
10122	Chr5	25379930	25381317	AT5G63350	1387	-	25380817
10123	Chr5	25383809	25387261	AT5G63370	3452	-	25386761
10126	Chr5	25408833	25410669	AT5G63450	1836	-	25410169
10130	Chr5	25423369	25423880	AT5G63500	511	+	25422369
10142	Chr5	25563732	25565498	AT5G63880	1057	+	25562732
10156	Chr5	25677071	25678677	AT5G64180	1041	+	25676071
10158	Chr5	25681201	25683641	AT5G64200	1457	-	25683141
10161	Chr5	25703648	25705339	AT5G64260	1691	+	25702648
10166	Chr5	25721732	25722678	AT5G64310	946	+	25720732
10170	Chr5	25747855	25750830	AT5G64400	2149	+	25746855
10171	Chr5	25750440	25750602	AT5G64401	162	-	25750102
10174	Chr5	25784403	25786385	AT5G64510	1696	+	25783403
10178	Chr5	25841912	25843555	AT5G64660	1643	-	25843055
10182	Chr5	25864936	25867025	AT5G64700	1513	-	25866525
10184	Chr5	25891448	25893888	AT5G64750	1638	+	25890448
10191	Chr5	25925172	25928879	AT5G64860	2022	-	25928379
10192	Chr5	25929431	25931384	AT5G64870	1860	-	25930884
10194	Chr5	25953843	25955202	AT5G64950	1359	+	25952843
10198	Chr5	25975696	25976356	AT5G65030	660	-	25975856
10214	Chr5	26095142	26096114	AT5G65300	972	-	26095614
10218	Chr5	26119210	26119825	AT5G65350	615	-	26119325
10227	Chr5	26176020	26177917	AT5G65480	1199	+	26175020
10228	Chr5	26177799	26180316	AT5G65490	2142	-	26179816
10247	Chr5	26358160	26361443	AT5G65900	2268	+	26357160
10249	Chr5	26363708	26366065	AT5G65920	2357	-	26365565
10258	Chr5	26416125	26416924	AT5G66052	799	+	26415125
10259	Chr5	26416660	26416807	AT5G66053	147	-	26416307
10261	Chr5	26421609	26423240	AT5G66070	1186	+	26420609
10263	Chr5	26425679	26427172	AT5G66090	1001	+	26424679
10268	Chr5	26456141	26459624	AT5G66210	2301	-	26459124
10291	Chr5	26572264	26573426	AT5G66580	1162	+	26571264
10292	Chr5	26588584	26592006	AT5G66620	1935	+	26587584
10293	Chr5	26592647	26595922	AT5G66630	2412	+	26591647
10295	Chr5	26599628	26601949	AT5G66640	1614	+	26598628
10296	Chr5	26603002	26607012	AT5G66650	3922	-	26606512
10297	Chr5	26614815	26617024	AT5G66675	2128	-	26616524
10306	Chr5	26710301	26712971	AT5G66880	1635	+	26709301
10307	Chr5	26712943	26714472	AT5G66890	1337	-	26713972
10312	Chr5	26772643	26773979	AT5G67080	1336	+	26771643
10324	Chr5	26854021	26856006	AT5G67300	1985	+	26853021
10325	Chr5	26855215	26857086	AT5G67310	1783	-	26856586
10329	Chr5	26918764	26920179	AT5G67450	1415	-	26919679
